Transf,2,2,2,2,2,2,2,2,2,2,2,2,2,3,2,2,2,2,2,2,2,2,2,2,2,2,2,2,2,3,3,3,3,3,3,3,3,3,2,2,2,2,2,2,4,4,2,2,2,2,3,3,3,3
Date,"Bankruptcies, All Sectors, Businesses of All Sizes, 12-Month Cumulative","Bankruptcies, Industry, Businesses of All Sizes, Monthly Cumulative, Calendar Adjusted, SA","Construction Status, Number, Residential, Total (Excluding Mayotte), French Ministry of Ecology, Sustainable Development & Energy (SOeS), Permits","Construction Status, Number, Residential, Total (Whole France), French Ministry of Ecology, Sustainable Development & Energy (SOeS), Permits","FX Indices, Bruegel, Real Effective Exchange Rate Index (REER)","FX Indices, European Commission, Nominal Effective Exchange Rate Index (Broad Group 42)","FX Indices, European Commission, Nominal Effective Exchange Rate Index (EU28)","FX Indices, European Commission, Nominal Effective Exchange Rate Index (IC37)","FX Indices, European Commission, Real Effective Exchange Rate Index (Broad Group 42)","FX Indices, European Commission, Real Effective Exchange Rate Index (EU28)","FX Indices, European Commission, Real Effective Exchange Rate Index (Euro Area)","FX Indices, European Commission, Real Effective Exchange Rate Index (IC37)","FX Spot Rates, Macrobond, FRF per USD, End of Period","Government Benchmarks, Eurostat, Government Bond, 10 Year, Yield","Balance Sheet & Flows of MFI Sector, MFIs Excluding Central Bank, Assets, Total, EUR","Balance Sheet & Flows of MFI Sector, MFIs Excluding Central Bank, Assets, Domestic Loans, Total, EUR","Balance Sheet & Flows of MFI Sector, MFIs Excluding Central Bank, Liabilities, Total, EUR","Consumer Price Index, Total, Index","Consumer Price Index, Food & Non-Alcoholic Beverages, Index","Consumer Price Index, Health, Index","Consumer Price Index, Housing, Water, Electricity, Gas & Other Fuels, Index","Consumer Price Index, Miscellaneous Goods & Services, Index","Consumer Price Index, Recreation & Culture, Index","Consumer Price Index, Transport, Index","Producer Price Index, Industry, Total, Overall Industry, Index, Basic Prices","Industrial Production, Total Industry Excluding Construction, Calendar Adjusted, SA, Index","Industrial Production, Manufacturing, Calendar Adjusted, SA, Index","Metal Production, Crude Steel","Oil & Gas, Total Petroleum Consumption","Business Surveys, Bank of France, Industry, Total, Business Sentiment Indicator, SA, Index, 3 Month Moving Average","Consumer Surveys, DG ECFIN, Consumer Confidence, Balance, SA","Consumer Surveys, DG ECFIN, Consumer Confidence, Financial Situation over Last 12 Months, Balance, SA","Consumer Surveys, DG ECFIN, Consumer Confidence, Unemployment Expectations over Next 12 Months, Balance, SA","Consumer Surveys, DG ECFIN, Consumer Confidence, Savings at Present, Balance, SA","Consumer Surveys, DG ECFIN, Consumer Confidence, Price Trends over Last 12 Months, Balance, SA","Consumer Surveys, DG ECFIN, Consumer Confidence, General Economic Situation over Next 12 Months, Balance, SA","Consumer Surveys, DG ECFIN, Consumer Confidence, General Economic Situation over Last 12 Months, Balance, SA","Economic Surveys, DG ECFIN, Economic Sentiment Indicator, Balance, SA","Monetary Statistics, Monetary Aggregates, M1, Total, EUR","Monetary Statistics, Monetary Aggregates, M2, Total, EUR","Monetary Statistics, Monetary Aggregates, M3, Total, EUR","Domestic Trade, Retail Trade, Total, Constant Prices, SA","Domestic Trade, Vehicle Sales & Registrations, New, Passenger Cars, Total, Calendar Adjusted, SA","Domestic Trade, Vehicle Sales & Registrations, New, Passenger Cars, Total, Calendar Adjusted, SA","Foreign Trade, Export, Calendar Adjusted, SA, EUR","Foreign Trade, Import, Calendar Adjusted, SA, EUR","FX Indices, BIS, Real Effective Exchange Rate Index, Broad","FX Indices, BIS, Real Effective Exchange Rate Index, Narrow","FX Indices, Central Bank of Italy, Competitiveness Indicator (Vis A' Vis 61 Partner Countries), Deflated by PPI, Index","FX Spot Rates, BIS, EUR per USD, Average of Period",1 Month,3 Month,spread,"Unemployment, Rate, Women & Men, Total, France Excluding Overseas Departments, SA"
31/01/1995,60665,583,28007,27460.804,101.835111,88.135729,95.462983,91.627684,105.927278,104.324913,103.7744,104.335471,5.2583,8.23,2.70E+12,1.57E+12,2.70E+12,74.52,72.18,98.35,61.71,67.42,109.25,66.77,79,93.62,94.18,1596000,1967000,111.865,-4.3,-9.4,30.9,59,2.7,-7.8,-36.6,112.7,2.57E+11,5.36E+11,7.84E+11,80.38,162598,162598,17770000000,17132000000,108.79,104.63,106.99396,0.807678,5.612727273,5.846363636,2.383636364,9.966666667
28/02/1995,60428,598,26630,26110.658,102.144171,88.584015,95.604985,91.944208,106.093129,104.253632,103.40121,104.471834,5.1474,8.01,2.72E+12,1.58E+12,2.72E+12,74.75,72.15,98.55,61.9,67.42,109.48,67.11,79.2,92.98,94.57,1480000,1915000,109.622,-4.8,-10.2,22.5,58.5,6.5,-8.6,-35,110.6,2.51E+11,5.32E+11,7.91E+11,79.31,161853,161853,18106000000,17292000000,109.05,104.82,106.7389,0.796401,5.645,5.847,2.163,9.933333333
31/03/1995,60127,604,28635,28076.557,104.279569,90.516433,97.093153,93.573747,108.018747,105.633338,104.291649,106.064865,4.796,8.02,2.74E+12,1.58E+12,2.74E+12,74.98,72.35,99.27,61.94,67.41,109.29,66.98,79.3,93.77,93.94,1638000,2020000,105.887,-6,-11.2,17.3,57.6,4.8,-11.6,-37.7,109.5,2.50E+11,5.39E+11,7.93E+11,79.35,155440,155440,17787000000,16735000000,110.9,106.34,108.66343,0.759704,8.05173913,8.066956522,-0.046956522,9.9
30/04/1995,59802,597,27107,26578.356,105.277268,91.762122,98.627961,94.643209,109.092664,107.128211,105.624569,107.017516,4.9078,7.82,2.73E+12,1.58E+12,2.73E+12,75.07,72.48,99.35,62.03,67.54,109.18,67.08,79.3,93.81,94.3,1587000,1853000,104.062,-6.1,-10.8,12.7,54.1,1.9,-13.1,-38,109.3,2.56E+11,5.49E+11,8.02E+11,79.02,161290,161290,17937000000,16983000000,111.94,107.31,109.48725,0.739048,8.0625,7.8915,-0.0715,9.833333333
31/05/1995,59212,603,26700,26179.293,102.644609,89.580515,96.395397,92.490487,106.193427,104.581238,103.1435,104.423237,4.9708,7.52,2.74E+12,1.59E+12,2.74E+12,75.18,72.84,99.41,62.11,67.52,109.12,67.16,79.5,93.35,93.6,1625000,1782000,104.712,-2.9,-10.5,-0.9,55.9,-3.1,-3.8,-38.3,109.4,2.49E+11,5.42E+11,8.01E+11,79.85,158173,158173,18109000000,17372000000,109.37,104.99,106.60568,0.759435,7.92,7.62826087,-0.10826087,9.766666667
30/06/1995,58686,607,34024,33360.46,103.452764,90.463698,97.23487,93.428701,106.898558,105.288032,103.735286,105.253782,4.8475,7.45,2.76E+12,1.59E+12,2.76E+12,75.18,72.65,99.51,62.13,67.53,109.29,67.3,79.5,93.96,94.35,1656000,1866000,103.975,-1.3,-9.9,-2.8,61.1,-1,0.8,-34.3,107.8,2.60E+11,5.54E+11,8.13E+11,84.14,243954,243954,19124000000,18049000000,109.98,105.62,107.71687,0.749497,7.501363636,7.290454545,0.159545455,9.7
31/07/1995,58476,621,27117,26588.161,104.423005,91.587041,98.094959,94.6462,107.923242,106.053098,104.159496,106.430761,4.7743,7.43,2.74E+12,1.59E+12,2.74E+12,75.04,72.25,99.49,62.18,67.57,109.13,67.56,79.7,94.41,94.8,1570000,1952000,101.697,-3.3,-9,-1,57.5,-2.2,-5.6,-33.3,106.6,2.62E+11,5.58E+11,8.20E+11,79.74,138577,138577,17501000000,17332000000,110.96,106.52,109.28408,0.736831,6.718571429,6.514285714,0.915714286,9.633333333
31/08/1995,58605,608,22605,22164.154,104.071806,91.213753,97.8707,94.452968,107.689382,106.172457,104.663623,106.516284,5.0463,7.33,2.76E+12,1.58E+12,2.76E+12,75.4,71.76,99.5,62.7,67.97,109,68.19,79.8,93.83,94.04,1312000,1803000,94.657,-3.3,-9,-1,57.8,-2.6,-5.4,-33.2,103.2,2.54E+11,5.53E+11,8.19E+11,74.61,153403,153403,17593000000,16450000000,110.92,106.68,108.62333,0.757735,6.09826087,6.02,1.31,9.566666667
30/09/1995,58499,618,28412,27857.906,103.329232,90.915669,97.487112,94.222719,107.278302,105.849864,104.619049,106.276907,4.9102,7.35,2.80E+12,1.60E+12,2.80E+12,75.67,71.74,99.54,62.92,68.18,109.42,68.36,79.8,93.98,94.63,1588000,1906000,93.237,-8.7,-10.1,8.3,50.5,12.6,-21.9,-40.8,98.2,2.60E+11,5.58E+11,8.22E+11,80.16,147396,147396,17781000000,17193000000,110.52,106.47,107.89844,0.768822,5.995714286,6.014761905,1.335238095,9.5
31/10/1995,58803,595,27397,26862.7,103.760357,91.244041,97.166295,94.475904,107.618971,105.616099,104.160128,106.580712,4.8929,7.48,2.79E+12,1.62E+12,2.79E+12,75.75,71.79,99.71,63.01,68.29,109.83,68.22,79.7,92.17,93.52,1564000,1888000,93.409,-11.6,-13.6,23.4,39.7,15,-26.8,-46.1,95.1,2.55E+11,5.53E+11,8.13E+11,78.56,146950,146950,17587000000,17268000000,110.75,106.59,108.23055,0.753257,6.911363636,6.912727273,0.567272727,9.533333333
30/11/1995,59070,596,24840,24355.567,105.048692,92.478216,98.262832,95.767489,108.946712,106.739681,105.117438,107.978406,4.9795,7.03,2.84E+12,1.65E+12,2.84E+12,75.81,72.1,99.76,63.1,68.32,109.73,68.27,79.7,92.13,92.6,1392000,1976000,91.165,-11.8,-12.2,30.9,41.3,9.8,-27.2,-47.9,92,2.56E+11,5.51E+11,8.13E+11,80.21,155443,155443,18075000000,17080000000,112.01,107.82,109.47171,0.745034,5.887727273,5.896818182,1.133181818,9.566666667
31/12/1995,58946,646,28054,27506.887,104.095706,92.02677,98.027156,95.332461,108.180865,106.288683,104.74655,107.324148,4.8904,6.75,2.86E+12,1.66E+12,2.86E+12,75.88,72.25,99.78,63.27,68.39,109.95,68.23,79.6,94.09,94.91,1093000,2050000,90,-13.9,-13.2,46.7,39.3,8.2,-30.2,-51.7,88.4,2.93E+11,5.90E+11,8.41E+11,78.87,148169,148169,17956000000,17223000000,111.25,107.14,108.38007,0.757018,5.410952381,5.497619048,1.252380952,9.6
31/01/1996,58520,564,25244,24751.688,103.992052,92.143747,98.063909,95.483727,107.97133,106.168433,104.623994,107.216327,5.1077,6.44,2.87E+12,1.67E+12,2.87E+12,75.97,72.53,99.86,63.51,68.62,110.51,68.61,79.6,93.25,93.9,1357000,1991000,94.749,-11.5,-13.2,42.4,44.4,13.1,-25.8,-48.9,88.7,2.72E+11,5.73E+11,8.31E+11,82.53,190898,190898,18477000000,17555000000,110.88,106.95,107.78494,0.763101,4.555217391,4.624782609,1.815217391,9.7
29/02/1996,58659,605,27501,26964.672,103.287727,91.680327,97.568552,95.008555,107.319726,105.539539,103.996908,106.644587,5.0383,6.59,2.90E+12,1.67E+12,2.90E+12,76.26,72.71,100.1,63.73,68.73,110.98,68.96,79.7,93.53,93.19,1302000,2181000,94.533,-12,-13.6,46.5,40.5,12.6,-26.6,-51.6,88.8,2.63E+11,5.60E+11,8.25E+11,80.55,179844,179844,18174000000,17386000000,110.24,106.33,107.13909,0.768441,4.251428571,4.367619048,2.222380952,9.8
31/03/1996,58226,585,29233,28662.894,103.302688,91.698038,97.642842,95.015903,107.51021,105.866729,104.433199,106.857148,5.035,6.64,2.91E+12,1.67E+12,2.91E+12,76.75,73.43,100.2,63.9,68.97,110.63,69.44,79.6,94.18,94.19,1547000,1978000,95.577,-12.7,-16.7,49.6,41.3,12.4,-27.1,-49.8,89.6,2.68E+11,5.60E+11,8.28E+11,80.06,174369,174369,18689000000,17534000000,110.56,106.66,106.80782,0.771261,4.112380952,4.20952381,2.43047619,9.9
30/04/1996,58723,641,24026,23557.442,102.982032,91.836825,97.969889,95.213193,107.302275,106.025971,104.840407,106.768664,5.1771,6.5,2.92E+12,1.67E+12,2.92E+12,76.84,73.36,100.38,64.02,69.08,110.49,69.69,79.4,93.26,93.67,1499000,1917000,99.115,-14.8,-16.9,47.3,44.7,13.9,-33.4,-54.2,89.5,2.68E+11,5.59E+11,8.26E+11,79.34,166452,166452,18227000000,17568000000,110.28,106.52,106.25894,0.778911,3.91,3.939090909,2.560909091,10
31/05/1996,58820,618,23688,23226.034,102.127339,91.162334,97.504212,94.533303,106.471978,105.538112,104.579354,106.003878,5.1765,6.46,2.90E+12,1.66E+12,2.90E+12,77,73.88,100.43,63.98,69.05,110.96,69.88,79.3,95.11,95.2,1510000,1808000,96.676,-14.9,-17,41,46.1,12.3,-33.5,-54.9,85.7,2.64E+11,5.55E+11,8.25E+11,79.68,171265,171265,18297000000,17255000000,109.6,105.92,105.25719,0.791132,3.823478261,3.823478261,2.636521739,10.1
30/06/1996,58778,661,29839,29257.076,102.101239,91.278255,97.184784,94.605273,106.34925,104.97221,104.264666,105.868371,5.1481,6.55,2.91E+12,1.66E+12,2.91E+12,76.91,73.44,100.55,63.95,69.06,110.77,69.89,79.2,94.35,94.73,1471000,1819000,97.546,-14.4,-17.6,37.1,49.5,12.2,-32.1,-54.9,86.2,2.78E+11,5.65E+11,8.28E+11,81.17,199162,199162,18544000000,17667000000,109.39,105.68,105.59452,0.789194,3.8215,3.8965,2.6535,10.2
31/07/1996,59392,609,27777,27235.289,102.702233,92.057394,97.644207,95.320385,106.964514,105.229208,104.278899,106.398111,4.9977,6.44,2.91E+12,1.64E+12,2.91E+12,76.77,73.31,100.58,64,69.09,110.79,70.03,79.2,92.69,92.82,1597000,1977000,92.905,-13.5,-15.6,55.9,47.2,5.4,-32.1,-56.6,85.6,2.73E+11,5.64E+11,8.24E+11,80.03,164881,164881,18452000000,17625000000,109.94,106.08,106.54469,0.776489,3.707391304,3.756521739,2.683478261,10.2
31/08/1996,59392,587,21727,21303.277,102.085998,91.96209,97.365093,95.123846,106.437361,104.593362,103.424794,105.790215,5.0561,6.34,2.95E+12,1.67E+12,2.95E+12,76.62,72.29,100.6,64.1,69.15,110.5,69.77,79.2,94.75,95.5,1203000,1838000,97.094,-13.8,-16,54.2,48.4,1.7,-32.5,-56.7,86.8,2.69E+11,5.62E+11,8.24E+11,84.22,194879,194879,18618000000,17007000000,109.29,105.39,106.20209,0.771632,3.725,3.909545455,2.430454545,10.2
30/09/1996,59406,583,29771,29190.402,101.543165,91.532392,96.930713,94.709208,105.883005,104.094562,103.377845,105.268053,5.1613,6.23,3.00E+12,1.70E+12,3.00E+12,76.85,72.48,100.61,64.51,69.16,110.6,69.98,79.1,94.84,95.14,1473000,1928000,97.752,-14,-15.6,52.6,49.8,-5.4,-33.2,-57,88.2,2.72E+11,5.63E+11,8.26E+11,84.39,247003,247003,18646000000,17839000000,108.76,105.02,105.11704,0.781802,3.55952381,3.654761905,2.575238095,10.2
31/10/1996,59853,597,28386,27832.413,101.41719,91.55749,96.855967,94.76867,105.950129,104.147926,104.004276,105.370838,5.1082,5.97,2.97E+12,1.70E+12,2.97E+12,77.05,72.61,100.71,64.81,69.17,110.59,70.59,79,93.86,94.21,1625000,1988000,99.114,-13.9,-16,54.8,52.6,-2,-32.7,-57.1,89.9,2.66E+11,5.58E+11,8.14E+11,78.28,180671,180671,18970000000,17780000000,108.82,105.15,104.57219,0.787734,3.410869565,3.402173913,2.567826087,10.2
30/11/1996,59361,611,25364,24869.348,101.336179,91.580211,96.345358,94.728468,105.74841,103.432711,103.813288,105.12702,5.2226,5.83,2.99E+12,1.69E+12,2.99E+12,76.98,72.96,100.63,64.87,69.18,110.49,70.03,78.9,95.03,95.43,1608000,1878000,96.537,-13.5,-15.5,56.9,52.2,-1,-32,-54.9,90.8,2.71E+11,5.62E+11,8.13E+11,79.95,134947,134947,18010000000,17766000000,108.64,104.9,104.52576,0.77997,3.34952381,3.368095238,2.461904762,10.2
31/12/1996,59760,608,31124,30517.016,100.431085,90.926959,95.935327,94.12075,104.877709,102.862432,103.58333,104.365246,5.1987,5.74,2.95E+12,1.67E+12,2.95E+12,77.14,73.25,100.7,65.02,69.23,110.57,70.18,78.8,95.19,95.34,1440000,2021000,100.32,-11.7,-14.9,44,50.3,-1.5,-26.8,-51.1,92.6,2.94E+11,5.89E+11,8.18E+11,78.29,143741,143741,20240000000,18688000000,107.79,104.18,103.59519,0.799173,3.300909091,3.339090909,2.400909091,10.2
31/01/1997,60111,580,24698,24216.336,99.27083,90.121187,95.447655,93.413459,103.744391,102.176533,103.236459,103.385266,5.5277,5.68,3.00E+12,1.70E+12,3.00E+12,77.31,74.45,100.71,65.25,69.38,110.73,70.38,78.9,94.33,94.4,1481000,2175000,101.075,-11.5,-13.8,47.9,49.1,5.5,-26.8,-50.3,94.8,2.74E+11,5.74E+11,8.17E+11,77.86,127109,127109,19858000000,18535000000,106.56,103.2,102.33919,0.825083,3.265217391,3.247391304,2.432608696,10.23333333
28/02/1997,60041,664,22438,22000.411,97.921956,89.468016,95.605244,92.928604,102.76972,102.056424,103.524122,102.644502,5.6973,5.46,2.99E+12,1.67E+12,2.99E+12,77.47,73.75,100.65,65.23,69.71,111.15,70.51,78.9,95.09,96.09,1521000,2148000,103.451,-11.2,-14.1,40,50.2,2.6,-26.3,-47.8,95.8,2.66E+11,5.66E+11,8.13E+11,79.14,145640,145640,20120000000,18615000000,105.56,102.56,101.32398,0.862063,3.2455,3.2325,2.2275,10.26666667
31/03/1997,60041,564,26181,25670.415,97.469478,89.557809,95.990184,92.988851,102.689535,102.312209,103.975482,102.518554,5.6285,5.65,2.99E+12,1.69E+12,2.99E+12,77.53,73.36,100.68,65.13,69.81,110.75,70.54,78.8,95.41,97.14,1693000,1808000,103.699,-12.4,-14.9,51.3,50.7,1.1,-28.3,-50.4,96,2.75E+11,5.76E+11,8.28E+11,79.51,142521,142521,20901000000,18695000000,105.45,102.59,101.06822,0.872549,3.222380952,3.223333333,2.426666667,10.3
30/04/1997,60183,554,23117,22666.169,96.997966,89.22922,95.491366,92.685477,101.993855,101.649407,103.820609,101.873392,5.8364,5.8,3.00E+12,1.69E+12,3.00E+12,77.56,73.57,100.8,64.93,69.9,110.54,70.51,78.9,98.76,100.03,1722000,1921000,109.658,-12.8,-15,47.1,47,-0.3,-30.7,-48.3,95.4,2.74E+11,5.77E+11,8.28E+11,80.49,143542,143542,21131000000,19116000000,104.91,102.15,100.57078,0.878488,3.266363636,3.301363636,2.498636364,10.33333333
31/05/1997,60269,594,22736,22292.6,96.77941,89.085314,95.530102,92.453946,101.656259,101.493672,103.61143,101.456132,5.7615,5.69,3.04E+12,1.70E+12,3.04E+12,77.67,74.21,100.87,64.82,69.92,111.21,70.3,79,96.92,97.84,1791000,1719000,104.023,-12.2,-15.5,36.8,48.2,-0.8,-29.2,-50.5,97.4,2.73E+11,5.76E+11,8.34E+11,79.73,135733,135733,21209000000,19180000000,104.68,101.85,100.19336,0.875522,3.289090909,3.395909091,2.294090909,10.36666667
30/06/1997,60508,587,31872,31250.428,95.744232,88.301544,95.034512,91.635498,100.591508,100.852699,103.330206,100.417627,5.8709,5.65,3.09E+12,1.73E+12,3.09E+12,77.65,74.21,101.04,64.77,69.91,111.07,70.24,78.9,97.64,98.6,1742000,1885000,105.846,-7.2,-13,17.3,47.7,-3.9,-14.3,-45.1,101.7,2.86E+11,5.89E+11,8.47E+11,79.7,137908,137908,21543000000,19292000000,103.65,100.88,99.48619,0.888732,3.290952381,3.351428571,2.298571429,10.4
31/07/1997,60346,563,27314,26781.319,94.086221,86.892117,93.958501,90.27403,98.719244,99.496458,102.728922,98.674463,6.1925,5.47,3.13E+12,1.71E+12,3.13E+12,77.55,74.44,101.11,64.81,69.89,110.88,70.39,79,97.82,98.72,1751000,2085000,106.233,-6.2,-11.5,31.2,49.4,-8.6,-11.9,-41.5,102.3,2.90E+11,5.97E+11,8.48E+11,80.5,144127,144127,21743000000,19526000000,101.89,99.13,98.04422,0.921411,3.284347826,3.324347826,2.145652174,10.36666667
31/08/1997,60168,543,23811,23346.635,93.623076,86.721512,94.379463,90.220672,98.555074,100.029641,103.211753,98.648687,6.0655,5.58,3.12E+12,1.70E+12,3.12E+12,77.75,74.27,101.11,65.01,69.99,110.58,70.7,79.1,101.6,102.9,1423000,1802000,110.753,-5.7,-11.2,31.2,49.3,-8.2,-10.8,-40.9,103.7,2.88E+11,5.98E+11,8.42E+11,80.88,139909,139909,21498000000,19645000000,101.78,99.09,97.56733,0.945944,3.296190476,3.366666667,2.213333333,10.33333333
30/09/1997,60105,555,27673,27133.318,95.273662,88.110589,95.115679,91.575581,99.997614,100.760614,103.574461,99.978067,5.9322,5.52,3.15E+12,1.72E+12,3.15E+12,77.89,74.54,101.12,65.05,70.01,110.46,70.73,79.1,99.23,100.52,1634000,2007000,111.023,-5.1,-9,19.7,47.7,-11.6,-10.5,-35.2,105.3,2.91E+11,5.98E+11,8.40E+11,80.75,149648,149648,22099000000,20347000000,103.26,100.32,98.96777,0.91696,3.284545455,3.309545455,2.210454545,10.3
31/10/1997,59638,542,29096,28528.566,96.195201,88.891841,95.422928,92.295446,100.603343,100.915318,103.791734,100.466968,5.756,5.59,3.17E+12,1.74E+12,3.17E+12,77.85,74.73,101.18,65.27,70.03,110.1,70.64,79.1,101.72,103.24,1761000,2152000,118.074,-4.9,-9.4,27.1,38,-12.7,-9.4,-34.2,105.3,2.90E+11,6.00E+11,8.41E+11,83.15,148614,148614,23168000000,20494000000,104.16,101,99.88675,0.898345,3.444782609,3.509130435,2.080869565,10.26666667
30/11/1997,59204,536,26720,26198.903,97.244992,89.586571,95.273937,92.803681,101.437964,100.811729,103.930428,101.077017,5.9035,5.57,3.22E+12,1.75E+12,3.22E+12,77.98,75.26,101.16,65.55,70.06,110.66,70.56,79.1,99.37,100.92,1678000,1739000,113.881,-4.4,-9.3,32.2,41.8,-11.5,-9.2,-33.4,106.6,2.94E+11,6.04E+11,8.45E+11,81.33,144068,144068,21437000000,19789000000,105.04,101.76,100.6728,0.884354,3.465,3.5725,1.9975,10.23333333
31/12/1997,58986,534,35196,34509.603,97.301863,89.94725,95.271006,92.61272,101.652726,100.686147,103.987022,100.745845,6.0159,5.32,3.19E+12,1.75E+12,3.19E+12,78.02,75.13,101.17,65.59,70.17,110.6,70.65,78.9,101.36,103.11,1570000,2114000,117.473,-4.6,-9.6,26.4,39.6,-8,-9.9,-32.4,109.9,3.17E+11,6.30E+11,8.61E+11,82.21,150756,150756,22834000000,20728000000,105.16,101.81,100.78745,0.907098,3.466086957,3.55,1.77,10.2
31/01/1998,58571,515,25454,24957.593,97.145503,89.83098,95.261287,92.252885,100.961749,100.330798,103.80179,99.860817,6.122,5.11,3.27E+12,1.77E+12,3.27E+12,77.78,75.1,101.19,65.56,70.41,110.65,70.55,78.9,101.37,103.22,1712000,2065000,114.544,-7.1,-10,28.8,38.9,-13.1,-17.1,-36.5,108.4,3.05E+11,6.30E+11,8.74E+11,83.68,148783,148783,22996000000,21176000000,104.84,101.35,100.71939,0.927438,3.47,3.510909091,1.599090909,10.13333333
28/02/1998,58121,539,27680,27140.181,96.595847,89.610424,95.199073,92.07907,100.801847,100.40617,103.963671,99.799383,6.0893,5.03,3.28E+12,1.76E+12,3.28E+12,78.07,75.12,101.22,65.6,70.58,111.12,70.89,78.9,102.06,103.77,1654000,2175000,113.922,-6.5,-10.4,18.7,39.8,-13,-13.7,-34.7,109.1,3.01E+11,6.29E+11,8.72E+11,82.06,149897,149897,22979000000,21176000000,104.48,101.21,100.23138,0.92733,3.469,3.4995,1.5305,10.06666667
31/03/1998,57816,508,27672,27132.337,96.016964,89.196512,94.788105,91.896449,100.244157,99.948446,104.061602,99.510201,6.1957,4.95,3.27E+12,1.75E+12,3.27E+12,78.2,75.22,101.22,65.63,70.71,110.61,70.66,78.8,100.84,102.15,1834000,2012000,114.34,-4.9,-9.5,18.9,34.8,-15.2,-9.6,-30.9,111.2,3.04E+11,6.34E+11,8.82E+11,79.84,157331,157331,23044000000,21352000000,104.03,100.88,99.85154,0.933314,3.475454545,3.500454545,1.449545455,10
30/04/1998,57156,521,25479,24982.105,96.178407,89.469194,94.825648,92.355373,100.425453,99.854208,104.08109,99.860972,6.0178,4.96,3.30E+12,1.78E+12,3.30E+12,78.36,75.74,101.59,65.7,70.65,110.52,70.73,78.9,102.14,103.37,1771000,2004000,111.792,-5.9,-8.8,14.2,35,-14,-12.5,-30.5,109.5,3.08E+11,6.41E+11,8.98E+11,82.39,156739,156739,23466000000,21449000000,104.19,101.12,99.84872,0.927257,3.486363636,3.571818182,1.388181818,9.966666667
31/05/1998,56349,482,26690,26169.488,97.278767,90.746038,95.621529,93.639771,101.628917,100.444454,103.809562,100.986213,5.9828,5.01,3.27E+12,1.74E+12,3.27E+12,78.38,76.15,101.68,65.37,70.69,110.88,70.52,78.7,103.44,104.98,1804000,1822000,112.878,-5,-7.8,7.3,35.4,-13.3,-12.2,-27.3,110.5,3.07E+11,6.40E+11,8.90E+11,83.86,164928,164928,23037000000,21266000000,105.24,101.96,101.01668,0.907307,3.483809524,3.532380952,1.477619048,9.933333333
30/06/1998,55487,483,30110,29522.791,97.380925,90.600326,95.313911,93.591444,101.563706,100.255885,103.82584,101.028159,6.046,4.86,3.29E+12,1.78E+12,3.29E+12,78.44,76.48,101.7,65.29,70.72,110.92,70.38,78.5,102.75,104.22,1788000,2039000,111.308,-6.7,-8.3,6.2,32,-11.7,-16.5,-27,113.5,3.19E+11,6.51E+11,8.96E+11,82.08,156651,156651,22558000000,21160000000,105.41,101.96,100.97901,0.915891,3.479545455,3.495454545,1.364545455,9.9
31/07/1998,54577,448,31013,30408.181,97.135069,90.524988,95.45411,93.705849,101.01154,99.971518,103.414836,100.676679,5.9598,4.78,3.30E+12,1.75E+12,3.30E+12,78.18,76.03,101.71,65.38,70.72,110.64,70.71,78.5,103.35,105.33,1718000,2112000,109.741,-3.7,-7.1,5.6,31.2,-10.6,-7.6,-21.6,114.5,3.15E+11,6.42E+11,8.99E+11,83.34,158645,158645,22568000000,21183000000,104.97,101.48,100.98452,0.918969,3.473043478,3.498695652,1.281304348,9.866666667
31/08/1998,54255,491,29002,28436.399,97.760642,91.231023,95.787428,94.333174,101.81031,100.463557,103.563367,101.415567,5.91,4.52,3.28E+12,1.75E+12,3.28E+12,78.23,75.54,101.69,65.42,70.8,110.37,70.56,78.4,100.71,102.65,1407000,1862000,108.463,-3.5,-6.8,5.8,31.5,-9.8,-7.4,-20.3,113,3.04E+11,6.29E+11,8.79E+11,84.31,162264,162264,22892000000,21036000000,105.6,102.08,101.57721,0.91397,3.478095238,3.499047619,1.020952381,9.833333333
30/09/1998,53862,489,34382,33711.478,99.258342,93.78837,96.384445,95.445248,103.973539,101.031011,103.723755,102.41488,5.6048,4.2,3.33E+12,1.78E+12,3.33E+12,78.2,75.44,101.02,65.51,70.26,110.46,70.29,78.2,102.53,104.34,1646000,2079000,104.479,-2.4,-6.6,6,33.8,-13,-4.2,-19.5,111.6,3.13E+11,6.39E+11,8.81E+11,84.78,194645,194645,23102000000,20929000000,106.8,102.9,103.25912,0.869992,3.471363636,3.471818182,0.728181818,9.8
31/10/1998,52982,470,31936,31313.18,99.968436,94.801493,97.107582,96.109896,104.751744,101.654952,103.703027,102.816869,5.5569,4.17,3.36E+12,1.83E+12,3.36E+12,78.16,75.21,101.16,65.65,70.25,110.33,70.14,78.1,102.64,104.07,1862000,2015000,101.406,-1.8,-6.1,18.9,44.5,-16.2,-4.3,-18.1,109,3.10E+11,6.37E+11,8.91E+11,84.83,161006,161006,22350000000,21327000000,107.29,103.26,103.85616,0.83771,3.449090909,3.435454545,0.734545455,9.8
30/11/1998,52630,474,40083,39301.296,98.895686,93.917056,96.84671,95.345743,103.54804,101.262189,103.609633,101.828223,5.6712,4.18,3.36E+12,1.84E+12,3.36E+12,78.11,75.42,101.28,65.56,70.29,109.81,70.05,78.1,103.22,104.39,1544000,2090000,100.793,-2.1,-7.2,14.6,44.4,-17.6,-2.6,-18.8,107.6,3.08E+11,6.33E+11,8.83E+11,84.9,171335,171335,23458000000,21112000000,106.2,102.47,103.05591,0.859616,3.447142857,3.447142857,0.732857143,9.8
31/12/1998,51968,464,64897,63631.37,99.129118,94.292132,97.028828,95.555568,103.77818,101.441081,103.62318,102.038562,5.586,3.91,3.27E+12,1.80E+12,3.27E+12,78.19,75.63,101.38,65.56,70.31,110.26,70.02,77.9,102.46,103.62,1387000,2222000,100.238,-2.8,-7.8,17.5,44.5,-15.8,-5.4,-19.2,105.4,3.26E+11,6.54E+11,8.75E+11,85.19,169921,169921,22542000000,21230000000,106.44,102.55,103.19182,0.853733,3.144782609,3.114347826,0.795652174,9.8
31/01/1999,51257,522,41974,41974,98.69191,94.305906,96.998494,95.192998,103.280604,101.086176,103.255913,101.224921,5.7761,3.77,3.55E+12,1.91E+12,3.55E+12,77.97,76.1,101.36,65.31,70.32,109.74,70.04,77.9,102.73,104.76,1669000,2034000,100.33,-2,-6.8,13.7,36.5,-22.6,-3.3,-16.8,103.1,3.38E+11,6.72E+11,8.96E+11,83.94,175154,175154,22423000000,20954000000,105.8,101.82,103.11762,0.86156,3.081428571,3.021428571,0.748571429,9.833333333
28/02/1999,50667,480,29463,29463,98.008379,94.095616,96.82257,94.767758,103.148503,101.034363,103.37636,100.915408,5.9755,3.93,3.53E+12,1.87E+12,3.53E+12,78.21,75.98,101.35,65.34,70.43,110.23,70.12,77.8,102.42,103.36,1550000,2227000,98.031,-2.6,-6.1,8.5,37.2,-20.4,-5.8,-16.7,104.3,3.30E+11,6.62E+11,8.94E+11,81.97,169548,169548,22036000000,20845000000,105.09,101.1,102.33171,0.89236,3.041,2.961,0.969,9.866666667
31/03/1999,50816,540,27564,27564,96.941007,92.948412,96.314259,93.720549,101.787469,100.429924,103.390854,99.718133,6.0759,4.13,3.54E+12,1.90E+12,3.54E+12,78.47,76.13,101.54,65.51,70.62,109.79,70.22,78,102.37,103.81,1685000,2130000,101.601,-4.1,-6.9,8.3,34.9,-19.8,-8.7,-17.6,101.9,3.30E+11,6.62E+11,9.00E+11,84.45,170590,170590,22907000000,21477000000,104.42,100.52,101.53242,0.918917,2.979565217,2.976086957,1.153913043,9.9
30/04/1999,50251,506,27353,27353,95.901866,92.338769,96.154909,93.260492,100.932022,100.181036,103.348259,99.042218,6.2001,3.98,3.54E+12,1.90E+12,3.54E+12,78.69,76.23,101.81,65.76,70.61,110.21,70.68,78.2,103.19,104.89,1726000,2013000,101.774,-4.5,-5.9,22.6,40.9,-15,-12.8,-17.7,102.3,3.28E+11,6.61E+11,9.13E+11,85.2,173564,173564,22710000000,21511000000,103.62,99.86,100.69851,0.934256,2.626363636,2.614090909,1.365909091,9.866666667
31/05/1999,50194,498,26835,26835,95.504126,92.062482,95.979477,93.069551,100.472372,99.812649,103.232658,98.672392,6.2899,4.16,3.50E+12,1.89E+12,3.50E+12,78.7,76.45,101.86,65.4,70.68,109.92,70.81,78.1,103.59,105.49,1805000,1742000,102.855,-4.9,-4.9,11.6,40.8,-13.7,-14.9,-19,103.5,3.30E+11,6.61E+11,9.11E+11,85.02,170468,170468,22211000000,20902000000,103.26,99.58,100.17986,0.940975,2.531428571,2.525238095,1.634761905,9.833333333
30/06/1999,50053,482,29406,29406,94.498633,91.303902,95.681224,92.363358,99.635986,99.545193,103.283668,97.922777,6.3607,4.47,3.55E+12,1.93E+12,3.55E+12,78.69,76.31,101.85,65.42,70.66,109.84,70.87,78.2,105.03,106.69,1754000,2017000,106.482,-5.3,-5.1,9.4,38.7,-13.1,-16.1,-21.6,104.6,3.39E+11,6.67E+11,9.20E+11,84.68,158886,158886,23432000000,22127000000,102.38,98.87,99.19703,0.963647,2.520454545,2.527272727,1.942727273,9.8
31/07/1999,49688,503,27746,27746,94.310177,91.388585,95.821635,92.411427,99.234676,99.294709,102.704437,97.522558,6.1288,4.81,3.53E+12,1.92E+12,3.53E+12,78.48,75.71,101.9,65.56,70.6,109.83,71.44,78.5,105.28,106.92,1723000,2002000,110.266,-3.7,-4.9,5,40.9,-12,-11.5,-19.9,108.5,3.47E+11,6.79E+11,9.21E+11,87.63,191328,191328,24249000000,22350000000,101.95,98.49,99.22418,0.966283,2.474545455,2.470454545,2.339545455,9.7
31/08/1999,49700,490,28098,28098,94.9084,91.989177,95.961742,92.799749,99.828077,99.469324,102.777934,97.884887,6.2101,5.01,3.50E+12,1.89E+12,3.50E+12,78.61,75.02,101.82,65.76,70.67,109.49,71.69,78.7,103.33,104.61,1495000,1893000,109.133,-3.7,-4.7,5,40.3,-11.2,-11.6,-19.9,110.8,3.36E+11,6.71E+11,9.19E+11,87.46,199103,199103,23667000000,22534000000,102.55,98.8,99.73889,0.943179,2.508181818,2.531818182,2.478181818,9.6
30/09/1999,49395,479,33120,33120,94.189894,91.369003,95.595034,92.082218,98.97442,99.053204,102.846733,96.974337,6.1593,5.19,3.49E+12,1.88E+12,3.49E+12,78.74,75.16,101.86,65.9,70.73,109.27,71.79,79,106.14,107.77,1658000,1991000,112.356,-2.5,-6.2,4.2,33.1,-6.5,-6.5,-18.3,113.5,3.35E+11,6.63E+11,9.23E+11,85.47,184632,184632,24217000000,22848000000,101.82,98.12,98.8233,0.952413,2.509545455,2.518181818,2.671818182,9.5
31/10/1999,48961,470,34148,34148,94.599521,91.953981,95.669012,92.537733,99.50589,99.171006,102.910142,97.385279,6.241,5.43,3.54E+12,1.89E+12,3.54E+12,78.79,75.59,101.68,65.64,70.81,109.33,71.99,79.3,107.46,109.36,1863000,2019000,113.768,-1.4,-4.4,11.9,37.8,-9.3,-4.7,-15.9,114.7,3.37E+11,6.64E+11,9.19E+11,86.32,183289,183289,24787000000,23305000000,102.25,98.47,99.40767,0.934114,2.675714286,2.765714286,2.664285714,9.366666667
30/11/1999,48749,452,31971,31971,93.290193,90.905598,95.383932,91.626241,98.260631,98.76069,102.779104,96.315327,6.5147,5.15,3.63E+12,1.92E+12,3.63E+12,78.82,75.98,101.69,65.7,70.83,108.96,72.01,79.6,107.54,109.26,1712000,2159000,115.667,0,-3.5,2.2,38.8,-12.3,-1,-11.5,117.6,3.36E+11,6.61E+11,9.29E+11,87.46,174980,174980,24644000000,23998000000,100.96,97.44,98.36029,0.967446,2.819090909,2.833636364,2.316363636,9.233333333
31/12/1999,48343,446,33788,33788,92.270037,90.03415,95.032736,90.873079,97.460748,98.538941,102.924355,95.668075,6.5442,5.27,3.63E+12,1.93E+12,3.63E+12,79.17,76.33,101.79,66.05,70.9,109.49,72.89,79.9,106.61,108.33,1558000,2200000,114.492,-0.2,-3.4,5.3,38.6,-0.1,-1.9,-12.8,116.9,3.59E+11,6.88E+11,9.33E+11,89.02,175188,175188,24132000000,24519000000,100.25,96.92,97.38853,0.989142,2.956956522,3.042173913,2.227826087,9.1
31/01/2000,47947,437,29000,30662,92.4449,90.084494,94.821909,90.91805,97.442904,98.438653,102.942863,95.663721,6.7045,5.66,3.62E+12,1.93E+12,3.62E+12,79.17,76.5,101.77,65.92,71.19,109.3,73.2,80.3,107.41,109.13,1719000,2147000,113.863,-0.3,-4.4,-4.2,40.9,1.5,-1,-11.1,116.3,3.53E+11,6.84E+11,9.43E+11,88.68,177560,177560,25521000000,24937000000,100.08,96.88,97.38155,0.986733,3.082857143,3.178095238,2.481904762,8.966666667
29/02/2000,47543,456,29700,30370,91.43878,89.480159,94.671042,90.455445,96.456254,97.958524,102.596643,94.852243,6.8132,5.62,3.68E+12,1.92E+12,3.68E+12,79.27,76.79,101.79,66.16,71.25,109.67,73.45,80.6,107.72,109.6,1643000,2123000,116.094,-1.2,-5.2,-2,42.5,1,-3.3,-13.6,116.8,3.49E+11,6.77E+11,9.42E+11,90.66,174668,174668,25886000000,25905000000,99.14,96.19,96.57783,1.016965,3.284285714,3.361428571,2.258571429,8.833333333
31/03/2000,46788,445,33100,30217,90.537123,88.7826,94.484217,89.840047,95.808929,97.928738,102.744974,94.278751,6.8551,5.43,3.74E+12,1.95E+12,3.74E+12,79.64,76.76,101.78,66.39,71.49,109.12,73.87,81,108.44,110.2,1874000,2105000,117.39,-0.5,-3,-3.9,39.4,7.3,-3.2,-13.7,118.4,3.51E+11,6.80E+11,9.61E+11,89.84,178539,178539,25835000000,25990000000,98.61,95.74,95.94617,1.037009,3.47173913,3.537391304,1.892608696,8.7
30/04/2000,45985,342,30900,31172,89.488448,88.108881,94.135845,89.19317,94.883338,97.355786,102.57812,93.393745,7.1982,5.33,3.76E+12,1.96E+12,3.76E+12,79.64,77.42,101.9,66.18,71.5,109.15,73.67,81.3,109.06,110.81,1772000,1929000,117.373,0.9,-3.9,-9.7,42.6,2.1,3.8,-10,118.7,3.60E+11,6.91E+11,9.82E+11,91.64,183566,183566,26183000000,25810000000,97.76,94.92,95.36002,1.056359,3.662,3.7245,1.6055,8.566666667
31/05/2000,45894,428,36000,32305,88.664663,87.326716,94.242717,88.548958,94.0749,97.495902,102.683806,92.731485,7.0731,5.5,3.76E+12,1.97E+12,3.76E+12,79.8,77.76,102.03,66.45,71.65,109.23,73.82,81.7,110.41,112.57,1823000,1843000,120.563,0.6,-3.4,-11.1,40.3,-0.8,0.6,-9.5,119.3,3.56E+11,6.87E+11,9.80E+11,93.03,167576,167576,27141000000,27038000000,96.94,94.26,94.69402,1.104003,4.02173913,4.170869565,1.329130435,8.433333333
30/06/2000,45225,453,33500,34755,90.244747,88.861016,95.055587,89.959671,95.620109,98.250887,102.558469,94.117255,6.843,5.32,3.71E+12,1.96E+12,3.71E+12,80,77.78,102.14,66.54,71.71,109.23,74.61,82,108.97,110.93,1764000,1949000,116.656,-0.6,-3,-12.6,40.1,6.2,-1.5,-9.9,119.9,3.65E+11,6.96E+11,9.76E+11,91.19,178463,178463,26940000000,27086000000,98.44,95.46,96.37492,1.053652,4.261363636,4.313636364,1.006363636,8.3
31/07/2000,44834,454,37000,34876,89.793023,88.535731,94.89666,89.702438,94.961644,97.905358,102.2712,93.596849,7.079,5.4,3.73E+12,1.94E+12,3.73E+12,79.87,77.59,102.21,66.7,71.77,109.32,75.08,82.3,110.26,112.16,1836000,1952000,114.823,0.1,-3.5,-11.6,41.3,5.6,0.3,-8.8,119.1,3.68E+11,7.06E+11,9.92E+11,91.19,179598,179598,27126000000,27883000000,97.85,94.92,96.06901,1.064348,4.305714286,4.331428571,1.068571429,8.2
31/08/2000,44769,459,28800,33107,88.440763,87.365246,94.435824,88.635128,93.762077,97.519958,102.322687,92.553898,7.3779,5.36,3.79E+12,1.95E+12,3.79E+12,80.02,77.49,102,67.01,71.87,109.27,74.62,82.4,109.28,110.86,1614000,1960000,111.444,-2,-5,-6,40.9,13.7,-4.9,-12.5,118.7,3.61E+11,7.02E+11,9.89E+11,91.3,171211,171211,27909000000,28570000000,96.71,94.04,94.98805,1.106222,4.505217391,4.661304348,0.698695652,8.1
30/09/2000,44414,430,32700,35644,87.480622,86.53404,94.464888,87.886843,92.856055,97.550443,102.431737,91.779458,7.4334,5.42,3.73E+12,1.98E+12,3.73E+12,80.43,77.71,101.89,67.79,72.01,109.2,75.51,83.1,109.56,111.53,1709000,1787000,115.939,-3.9,-6.5,-0.5,43.7,19.2,-9.3,-18,118.2,3.63E+11,7.02E+11,9.86E+11,91.97,185931,185931,27723000000,28659000000,95.77,93.34,93.95178,1.146944,4.721428571,4.807619048,0.612380952,8
31/10/2000,44437,407,35600,34763,86.622232,85.95281,94.029616,87.33579,91.991593,96.903201,102.244296,90.978372,7.7387,5.36,3.75E+12,1.98E+12,3.75E+12,80.33,77.99,101.85,67.48,72.12,109.17,75.06,83.3,110.77,112.75,1840000,2236000,114.652,-1.4,-4.7,-2.2,49.4,17.2,-4.3,-15.1,120.2,3.59E+11,6.99E+11,9.85E+11,91.24,178862,178862,28454000000,29886000000,94.96,92.62,93.6549,1.16983,4.869090909,4.935909091,0.424090909,7.9
30/11/2000,44321,380,33300,34776,87.208036,86.325507,94.355813,87.657929,92.41503,97.323789,102.353125,91.357469,7.5351,5.29,3.73E+12,1.98E+12,3.73E+12,80.51,78.58,101.67,68,72.14,109.01,75.3,83.4,110.58,112.67,1760000,2020000,115.499,-0.9,-4,-7.6,46.8,19.4,-3,-13.3,117.7,3.59E+11,7.01E+11,9.90E+11,91.06,176668,176668,28571000000,29299000000,95.27,92.97,93.98486,1.167826,4.919090909,5.001363636,0.288636364,7.8
31/12/2000,43968,397,31400,36130,88.916139,87.785554,94.745124,88.932711,93.687756,97.369949,101.909218,92.401883,6.9868,5.04,3.74E+12,2.00E+12,3.74E+12,80.47,78.67,101.84,67.79,72.16,109.27,74.97,83,111.6,114.3,1625000,1955000,116.863,1.2,-2.4,-10.6,50,13.8,2.5,-7,117.2,3.83E+11,7.29E+11,9.99E+11,90.82,191250,191250,29340000000,30006000000,96.56,94.02,95.23777,1.114927,4.883333333,4.88047619,0.15952381,7.7
31/01/2001,43852,402,28900,32305,90.096805,89.631208,95.441175,90.6129,95.304689,98.050632,101.882287,93.868543,7.0537,4.94,3.90E+12,2.05E+12,3.90E+12,80.13,79.21,101.84,67.02,72.36,109.31,73.85,83,111.11,113.32,1751000,2182000,115.315,2.4,-2.1,-12.7,48.4,6.5,4.8,-1.3,118,3.74E+11,7.30E+11,1.03E+12,95.27,180603,180603,28144000000,29021000000,97.76,95.09,97.19739,1.065941,4.799130435,4.745217391,0.194782609,7.6
28/02/2001,43066,359,30700,33583,89.477104,89.365466,95.410362,90.41526,94.980004,97.922,101.692001,93.621475,7.1328,4.93,3.89E+12,2.07E+12,3.89E+12,80.35,79.52,101.71,67.15,72.63,109.59,74.2,83.1,111.84,114.1,1430000,2117000,112.513,1,-2.4,-10.1,53,8,1.9,-2.5,117.7,3.70E+11,7.25E+11,1.03E+12,92.86,186611,186611,28986000000,28656000000,97.29,94.63,96.92227,1.085116,4.8445,4.788,0.142,7.5
31/03/2001,40680,183,33000,33270,89.51712,89.551405,95.312233,90.634834,95.126353,97.789937,101.666002,93.81554,7.4201,4.84,3.94E+12,2.07E+12,3.94E+12,80.71,80.53,101.51,67.09,72.9,109.23,74.06,83.3,112.3,114.65,1804000,2025000,107.333,-0.2,-2.8,-9.3,51.4,9.5,-1.7,-3.5,115.8,3.68E+11,7.26E+11,1.03E+12,93.32,187769,187769,28278000000,28849000000,97.55,94.77,97.06309,1.099929,4.847272727,4.733181818,0.106818182,7.4
30/04/2001,41835,473,26600,33880,89.309019,89.342888,95.073126,90.419346,94.694291,97.409346,101.52528,93.389891,7.399,5,3.96E+12,2.05E+12,3.96E+12,81.1,81.4,101.54,67.18,73.02,109.82,74.69,83.6,110.47,112.12,1771000,2027000,102.956,-0.5,-2.3,7.6,46.6,12,-3.8,-6.4,112.8,3.74E+11,7.32E+11,1.04E+12,92.13,193208,193208,28168000000,28452000000,97.2,94.37,96.84464,1.121191,4.871428571,4.734285714,0.265714286,7.366666667
31/05/2001,42014,458,29400,30538,88.418318,88.437976,94.759807,89.508048,93.839965,97.188581,101.714411,92.521435,7.739,5.21,3.98E+12,2.06E+12,3.98E+12,81.6,82.93,101.55,67.67,73.16,109.84,75.49,83.9,111.29,113.07,1793000,1911000,99.588,-3.3,-3.6,15.8,46.8,21.1,-9.1,-10.8,109.3,3.70E+11,7.30E+11,1.03E+12,92.72,191449,191449,28813000000,29416000000,96.54,93.91,95.8863,1.144229,4.72173913,4.671304348,0.538695652,7.333333333
30/06/2001,42362,405,32500,34523,87.661882,87.82854,94.620574,88.935217,93.083191,96.981503,101.626287,91.842228,7.7483,5.15,4.01E+12,2.06E+12,4.01E+12,81.65,83,101.46,67.79,73.28,109.79,75.37,83.8,111.33,113.28,1765000,1982000,99.124,-4.1,-4.9,11.5,45.2,23.3,-12.9,-13.8,107.7,3.87E+11,7.47E+11,1.05E+12,94.5,197656,197656,28141000000,28690000000,95.83,93.35,95.25922,1.172155,4.575238095,4.455238095,0.694761905,7.3
31/07/2001,42621,348,38900,33358,88.201143,88.357129,94.712835,89.419114,93.648831,97.202576,101.681171,92.416341,7.4968,5.15,3.99E+12,2.08E+12,3.99E+12,81.48,83.1,101.35,67.78,73.46,109.74,75.36,83.3,109.78,111.35,1725000,2068000,99.732,-5.1,-6,24.9,45.1,24.9,-15.1,-15.4,104.8,3.87E+11,7.52E+11,1.07E+12,93.49,186970,186970,27581000000,27947000000,96.19,93.51,95.60669,1.16216,4.558181818,4.47,0.68,7.333333333
31/08/2001,42721,438,28500,31729,89.57204,89.881242,95.32678,90.772161,95.168447,97.737713,101.667104,93.706254,7.2212,4.95,3.99E+12,2.07E+12,3.99E+12,81.48,82.28,101.22,67.79,73.77,109.88,74.86,83.3,112.5,114.37,1326000,2003000,97.499,-6.2,-5.9,30.8,43.5,29.5,-18.8,-18.4,101.7,3.73E+11,7.45E+11,1.05E+12,92.28,191229,191229,29492000000,28808000000,97.49,94.48,96.98879,1.110822,4.517391304,4.386086957,0.563913043,7.366666667
30/09/2001,42653,428,31100,34318,89.936692,90.309239,95.384303,91.049123,95.463614,97.68471,101.600909,93.813511,7.2028,4.94,3.99E+12,2.07E+12,3.99E+12,81.63,82.39,100.95,67.99,73.97,109.9,74.77,83.2,110.77,111.94,1564000,2101000,96.328,-7.5,-5.6,36.7,44,32.6,-23.1,-23,98.4,3.74E+11,7.44E+11,1.05E+12,95.57,189989,189989,27187000000,27058000000,97.74,94.61,97.11324,1.0978,4.064,3.9565,0.9835,7.4
31/10/2001,42911,440,39100,36433,90.018966,90.346507,95.338215,91.088931,95.447963,97.65172,101.569051,93.830964,7.2827,4.72,4.05E+12,2.10E+12,4.05E+12,81.68,82.72,101.15,67.93,74.18,109.71,74.56,82.9,109.99,112.05,1604000,2074000,92.836,-7,-4.7,43.6,40.3,28.4,-23.3,-19.7,95.9,3.74E+11,7.47E+11,1.06E+12,93.3,180403,180403,27595000000,26992000000,97.83,94.73,97.1041,1.10405,3.745652174,3.537826087,1.182173913,7.433333333
30/11/2001,43036,445,31600,32796,89.020004,89.48381,95.080456,90.39269,94.260969,97.162793,101.332354,92.869665,7.326,4.57,4.06E+12,2.12E+12,4.06E+12,81.46,82.5,100.61,67.93,74.21,109.18,74.11,82.5,108.78,109.82,1550000,2095000,91.074,-5.8,-3.6,44.9,40.1,27.8,-20.1,-20.4,93.3,3.74E+11,7.48E+11,1.07E+12,94.89,181143,181143,27494000000,27157000000,96.85,94.08,96.39046,1.125853,3.449545455,3.348636364,1.221363636,7.466666667
31/12/2001,43282,460,29500,32687,89.339122,89.644083,95.096093,90.658937,94.313507,96.905241,100.986392,93.011891,7.367,4.87,4.05E+12,2.13E+12,4.05E+12,81.56,82.82,100.29,67.78,74.3,109.53,74.08,82.4,109.47,110.12,1260000,2074000,88.624,-5.3,-4.4,40.6,42.1,23.4,-17.7,-20.3,95.5,4.06E+11,7.80E+11,1.08E+12,95.02,190561,190561,26962000000,27137000000,96.99,94.31,96.80458,1.120677,3.333333333,3.264285714,1.605714286,7.5
31/01/2002,43543,436,28300,30693,89.441627,89.429697,94.9192,90.468359,94.429918,97.234834,101.464738,93.191212,7.6192,4.93,4.10E+12,2.14E+12,4.10E+12,81.94,84.44,100.71,67.97,74.59,109.95,74.05,82.5,109.44,110.98,1483000,2222000,89.639,-5,-3.9,39,44.5,27.2,-17,-20.8,99.4,4.15E+11,7.94E+11,1.11E+12,93.06,190120,190120,27455000000,27444000000,96.96,94.53,96.7597,1.132378,3.34,3.323478261,1.606521739,7.5
28/02/2002,42727,318,27800,31385,88.928551,89.017383,94.780677,90.073478,93.827558,96.912625,101.232837,92.644623,7.5834,4.99,4.08E+12,2.15E+12,4.08E+12,82.04,84.21,101.21,68.11,74.6,110.26,74.27,82.4,109.84,111.92,1580000,2078000,95.285,-4.7,-4.4,39.7,47.6,32.6,-15.2,-23.5,99.5,4.04E+11,7.85E+11,1.11E+12,94.25,184490,184490,27545000000,27793000000,96.44,94.1,96.16846,1.149406,3.336,3.349,1.641,7.5
31/03/2002,45430,517,29700,29578,88.985179,89.077598,94.842301,90.109993,93.840469,96.884543,101.129769,92.611696,7.519,5.24,4.11E+12,2.19E+12,4.11E+12,82.4,84.24,101.67,68.32,74.78,109.96,74.52,82.7,110.36,112.23,1787000,1963000,97.277,-4.3,-4.6,27.2,49.5,36.5,-13.6,-25.4,101.2,4.07E+11,7.89E+11,1.10E+12,95.62,185153,185153,27259000000,27576000000,96.64,94.17,96.22701,1.141855,3.369047619,3.386666667,1.853333333,7.5
30/04/2002,44954,475,32400,27987,89.185607,89.247388,94.789458,90.245257,93.914139,96.762448,101.062684,92.640613,7.2796,5.24,4.14E+12,2.23E+12,4.14E+12,82.71,84.34,101.79,68.62,74.93,110.34,75.31,83,111.09,112.86,1745000,1941000,104.405,-5.3,-6.4,26.3,47.2,43.8,-15.5,-29.5,102.8,4.13E+11,8.03E+11,1.13E+12,93.13,185738,185738,29412000000,28182000000,96.8,94.33,96.21198,1.128958,3.370454545,3.406363636,1.833636364,7.5
31/05/2002,44844,453,28700,29033,90.148224,90.35514,95.261664,91.172967,95.036729,97.179276,101.02776,93.54989,7.021,5.26,4.14E+12,2.22E+12,4.14E+12,82.81,84.58,102.09,68.49,75.11,110.36,75.48,82.9,110.11,111.24,1801000,1793000,102.384,-2,-7,19.9,47.7,45.6,-3.2,-27.9,107.1,4.09E+11,7.96E+11,1.13E+12,93.89,182630,182630,28125000000,27830000000,97.73,94.84,97.04952,1.090641,3.402608696,3.464347826,1.795652174,7.5
30/06/2002,44770,409,31200,34733,91.643975,91.786225,95.688728,92.348867,96.507263,97.630595,101.071895,94.740023,6.6417,5.11,4.13E+12,2.22E+12,4.13E+12,82.8,84.53,102.35,68.44,75.28,110.35,75.08,82.7,109.93,111.14,1741000,1945000,102.852,-2.9,-7.1,18.8,47.1,44.9,-6.6,-28.1,103,4.21E+11,8.02E+11,1.12E+12,95.28,166293,166293,27597000000,27245000000,99.01,95.63,98.29689,1.04703,3.4145,3.4685,1.6415,7.5
31/07/2002,44915,434,37100,31771,92.699556,92.803742,95.697834,93.112023,97.562749,97.721652,101.113325,95.558669,6.6905,4.96,4.14E+12,2.21E+12,4.14E+12,82.8,84.01,103.51,68.47,75.48,110.29,75.78,83,108.8,109.97,1776000,2102000,101.657,-4.6,-8.2,29.3,46.4,46.8,-11.2,-30.4,100.3,4.19E+11,8.05E+11,1.12E+12,95.3,181389,181389,28313000000,27797000000,100,96.1,99.3281,1.008023,3.39173913,3.402608696,1.557391304,7.5
31/08/2002,44716,451,25200,29883,92.449393,92.556631,95.645445,92.822753,97.356265,97.777151,101.232855,95.305147,6.6887,4.67,4.10E+12,2.19E+12,4.10E+12,82.99,83.5,103.7,68.73,75.73,110.11,76.09,83.3,110.84,112.6,1489000,1874000,104.106,-4.9,-9,33.6,47.1,49,-11.6,-31.1,99.8,4.15E+11,8.06E+11,1.13E+12,96.32,197285,197285,28191000000,27450000000,99.82,95.99,99.05991,1.022781,3.363636364,3.352272727,1.317727273,7.5
30/09/2002,45042,433,34600,35571,92.844921,92.693244,95.44677,92.847083,97.413989,97.479207,101.150905,95.238199,6.724,4.46,4.18E+12,2.22E+12,4.18E+12,83.14,83.62,103.33,69.06,75.94,110.2,75.98,83.5,109.45,110.63,1740000,2007000,102.343,-5.5,-9.7,38,50,49.8,-13.1,-33.3,99.3,4.26E+11,8.18E+11,1.14E+12,93.86,173577,173577,28214000000,27902000000,99.8,96.01,98.87107,1.019648,3.335714286,3.277619048,1.182380952,7.5
31/10/2002,44959,474,37900,36259,92.989947,93.01582,95.412449,92.96549,97.656156,97.403112,101.116551,95.286629,6.6236,4.55,4.20E+12,2.21E+12,4.20E+12,83.27,83.86,103.53,69.26,76.04,109.94,76.24,83.4,108.59,109.69,1759000,2078000,104.697,-5.3,-8.2,43.9,48.9,49.2,-13.5,-32.2,99.9,4.17E+11,8.11E+11,1.13E+12,96.01,169236,169236,26970000000,26974000000,99.9,96.13,98.94959,1.019279,3.276956522,3.174347826,1.375652174,7.533333333
30/11/2002,44894,484,30800,34764,93.48348,93.421125,95.556495,93.374342,97.94705,97.568974,101.181235,95.646391,6.5942,4.53,4.24E+12,2.22E+12,4.24E+12,83.27,83.88,104.46,69.31,76.08,109.89,75.99,83.1,109.64,111.26,1757000,1986000,103.188,-5.5,-8.4,41,47.4,46.1,-13.9,-30,99.8,4.26E+11,8.22E+11,1.14E+12,94.96,173242,173242,27203000000,27530000000,100.2,96.5,99.28863,0.99869,3.198571429,3.062857143,1.467142857,7.566666667
31/12/2002,44966,491,33000,31549,94.135194,93.989617,95.711216,93.86001,98.357299,97.424181,100.822156,95.991916,6.2478,4.38,4.16E+12,2.21E+12,4.16E+12,83.41,84,104.6,69.61,76.19,110,76.02,83.4,107.04,108.06,1601000,1916000,99.32,-5.4,-8.2,37.9,49.1,46.3,-14,-31.2,103.3,4.47E+11,8.43E+11,1.15E+12,94.42,167837,167837,28344000000,27260000000,100.56,96.75,99.9926,0.982314,2.907727273,2.873181818,1.506818182,7.6
31/01/2003,45009,461,29400,29401,95.367738,95.231949,96.17147,95.000747,99.778149,98.248496,101.132586,97.363748,6.1106,4.22,4.21E+12,2.21E+12,4.21E+12,83.57,84.83,104.77,70.04,76.33,109.7,76.77,83.8,109.24,110.06,1636000,2115000,98.422,-7.2,-9.4,42.5,48.8,52.6,-18.4,-38.7,101.7,4.23E+11,8.26E+11,1.15E+12,96.81,173829,173829,27663000000,28013000000,101.72,97.66,101.17033,0.941649,2.827391304,2.786086957,1.433913043,7.733333333
28/02/2003,46939,529,30600,31205,96.243773,95.936585,96.520739,95.584689,100.836744,98.945821,101.476102,98.301759,6.0862,4.01,4.25E+12,2.21E+12,4.25E+12,84.15,85.2,104.51,70.47,76.59,110.4,77.52,84.1,110.22,110.39,1582000,2180000,97.274,-8.9,-10,57.8,46.5,47.3,-25,-38.5,99.1,4.21E+11,8.27E+11,1.15E+12,94.93,169901,169901,27042000000,27448000000,102.55,98.4,101.82894,0.928272,2.7555,2.6265,1.3835,7.866666667
31/03/2003,46572,494,31600,32944,96.322387,96.281334,96.911834,95.919901,101.02895,99.209676,101.321161,98.490728,6.0121,4.1,4.23E+12,2.23E+12,4.23E+12,84.49,85.6,104.81,70.77,76.86,109.98,77.77,84.4,109.37,110.92,1868000,1869000,94.081,-10.9,-10.2,61.7,45.2,45.3,-31.2,-44.6,94.6,4.26E+11,8.36E+11,1.15E+12,94.04,169221,169221,27876000000,28503000000,102.86,98.65,101.92957,0.925589,2.572857143,2.473333333,1.626666667,8
30/04/2003,46657,447,32100,27290,96.392732,96.333357,97.024854,96.12095,100.72801,98.974832,100.97241,98.36964,5.8802,4.22,4.31E+12,2.26E+12,4.31E+12,84.37,85.93,104.83,70.22,77.07,109.66,77.17,83.8,109.39,110.71,1828000,1912000,94.351,-9.7,-9.8,57.5,46.3,44.1,-26.6,-43.8,95.9,4.31E+11,8.48E+11,1.20E+12,95.72,166475,166475,27332000000,27160000000,102.72,98.68,101.77189,0.922013,2.545909091,2.479545455,1.740454545,8.033333333
31/05/2003,46404,475,31400,31010,98.066728,98.068918,97.596125,97.640724,102.543596,99.574244,101.027244,99.911617,5.5797,3.89,4.38E+12,2.27E+12,4.38E+12,84.27,85.89,104.83,70.11,77.12,109.7,76.58,83.5,106.76,107.73,1799000,1827000,88.724,-9.8,-9.5,50.3,49.8,43.3,-27.7,-44.2,97,4.37E+11,8.54E+11,1.19E+12,94.56,165004,165004,26399000000,26748000000,104.36,99.95,103.45275,0.863654,2.497727273,2.340909091,1.549090909,8.066666667
30/06/2003,46380,489,34000,33940,98.347599,98.117419,97.427448,97.722887,102.767708,99.543849,101.126173,100.158365,5.7129,3.69,4.32E+12,2.25E+12,4.32E+12,84.43,86.66,104.89,70.12,77.31,109.8,76.36,83.5,106.5,107.26,1750000,1966000,92.953,-9.7,-9.6,46,49.5,40.7,-27.7,-43.7,95.4,4.30E+11,8.41E+11,1.17E+12,94.45,168587,168587,27096000000,27166000000,104.67,100.14,103.74816,0.857526,2.132857143,2.096190476,1.593809524,8.1
31/07/2003,46559,505,41900,32125,97.622399,97.419386,97.42224,97.181699,102.03276,99.591567,101.187058,99.644362,5.8276,4.01,4.37E+12,2.26E+12,4.37E+12,84.34,86.29,104.82,70.52,77.38,109.46,77.22,83.6,108.4,109.23,1343000,2083000,93.402,-9.9,-9.9,44.5,48.7,42.7,-27.3,-46.4,97.6,4.33E+11,8.49E+11,1.18E+12,94.09,172638,172638,26458000000,26519000000,103.91,99.63,103.02705,0.879439,2.1,2.071304348,1.938695652,8.066666667
31/08/2003,46456,425,29400,33511,96.912362,96.912516,97.385552,96.722336,101.52533,99.569842,101.19142,99.17988,5.9734,4.16,4.37E+12,2.27E+12,4.37E+12,84.54,86.12,104.58,70.71,77.55,109.16,77.45,83.8,107.94,108.78,1273000,1829000,97.696,-9.6,-9.7,45.5,46.9,42.3,-26.3,-46.2,97.7,4.27E+11,8.43E+11,1.18E+12,93.62,171726,171726,26943000000,26627000000,103.36,99.25,102.48715,0.898038,2.1,2.082380952,2.077619048,8.033333333
30/09/2003,46798,467,39800,39324,97.058695,96.851084,97.307891,96.617669,101.556009,99.590822,101.347808,99.169641,5.6172,4.23,4.35E+12,2.27E+12,4.35E+12,84.86,86.85,104.23,70.82,77.74,109.67,77.18,83.6,107.55,108.66,1545000,2128000,95.76,-9.5,-9.4,46.6,46.3,40.9,-25.8,-46.7,97.8,4.32E+11,8.43E+11,1.16E+12,96,166574,166574,27431000000,27482000000,103.41,99.31,102.21417,0.891532,2.088636364,2.086363636,2.143636364,8
31/10/2003,47017,442,40400,38669,98.081647,97.777299,97.35406,97.329597,102.560514,99.718124,101.46265,99.981341,5.639,4.28,4.35E+12,2.24E+12,4.35E+12,85.04,86.45,104.83,71.05,77.81,109.44,77.34,83.7,110.16,110.62,1872000,2136000,99.379,-10,-11.3,50.6,47.2,46.1,-24.8,-50,99.2,4.32E+11,8.44E+11,1.17E+12,96.72,170492,170492,27625000000,27714000000,104.43,100,103.10139,0.85532,2.078695652,2.065217391,2.214782609,8.133333333
30/11/2003,46964,468,34200,38738,98.28877,97.765509,97.268462,97.267803,102.595245,99.729584,101.572217,100.036651,5.4759,4.41,4.41E+12,2.26E+12,4.41E+12,85.14,86.34,105.03,70.83,77.81,109.19,77.25,83.9,108.01,108.81,1679000,1869000,98.799,-10.3,-10.8,47.5,44.7,47.4,-25.6,-50.5,103.2,4.35E+11,8.45E+11,1.17E+12,92.65,161104,161104,27840000000,27209000000,104.46,100.1,103.20588,0.854767,2.0755,2.0875,2.3225,8.266666667
31/12/2003,47217,451,39100,37817,99.876254,99.178487,97.540378,98.42776,103.952464,99.825901,101.399434,101.124629,5.2018,4.34,4.35E+12,2.27E+12,4.35E+12,85.23,86.05,105.11,70.99,77.95,109.38,77.51,83.7,108.62,109.42,1583000,2110000,101.242,-10.3,-11.5,43.2,41.5,47.7,-25.3,-50.6,102.4,4.65E+11,8.81E+11,1.19E+12,94.61,166597,166597,29343000000,28012000000,105.66,100.95,104.45256,0.814114,2.092608696,2.083913043,2.256086957,8.4
31/01/2004,47379,490,35200,37304,100.166693,99.540006,97.402147,98.681577,104.445917,99.989222,101.720872,101.570397,5.2841,4.2,4.51E+12,2.29E+12,4.51E+12,85.23,86.59,104.87,71.2,78.53,109.11,77.86,84.1,109.36,110.12,1782000,2093000,101.408,-8,-12.3,23.4,17.9,54.4,-12.3,-41.8,105.2,4.45E+11,8.63E+11,1.19E+12,98.98,161210,161210,28069000000,27429000000,106.03,101.29,104.83689,0.792891,2.055,2.044090909,2.155909091,8.466666667
29/02/2004,47115,441,37000,36997,100.372829,99.439001,97.117582,98.570728,104.536634,99.847387,101.830455,101.616237,5.2808,4.14,4.57E+12,2.30E+12,4.57E+12,85.59,86.18,104.95,71.24,78.8,109.67,78.12,84.2,110.47,111.61,1682000,2128000,102.388,-7.9,-12.7,34,15.6,51.9,-12.8,-41.3,104.4,4.45E+11,8.66E+11,1.21E+12,94.61,167122,167122,28053000000,27864000000,106.15,101.35,104.44274,0.790819,2.0385,2.022,2.118,8.533333333
31/03/2004,47563,466,38900,37287,99.29271,98.561411,96.94145,97.885766,103.52398,99.606281,101.709261,100.847983,5.3381,3.98,4.55E+12,2.29E+12,4.55E+12,85.93,86.74,104.77,71.61,79.08,109,78.41,84.6,110.1,110.62,1805000,2088000,104.937,-7.4,-11.8,31,19.2,50.6,-13.4,-43.4,105,4.57E+11,8.75E+11,1.20E+12,95.81,164109,164109,28358000000,27983000000,105.28,100.79,103.52744,0.815598,2.020434783,1.978695652,2.001304348,8.6
30/04/2004,47456,443,38400,37821,98.199214,97.847565,96.771276,97.286075,102.500417,99.147345,101.380993,99.98583,5.4704,4.18,4.71E+12,2.39E+12,4.71E+12,86.15,87.15,104.86,71.77,79.17,108.82,78.95,84.9,110.12,111.01,1829000,2064000,106.036,-9.4,-12.8,31.3,12,45.6,-19.2,-38.9,104.2,4.60E+11,8.83E+11,1.23E+12,96.05,161056,161056,28167000000,28191000000,104.32,100.01,102.37426,0.83446,2.036818182,2.004545455,2.175454545,8.533333333
31/05/2004,47699,424,38100,39117,98.872274,98.423991,96.875388,97.831376,103.197986,99.344759,101.498339,100.613155,5.3814,4.34,4.64E+12,2.32E+12,4.64E+12,86.47,87.39,104.92,72.07,79.27,109.04,79.81,85.3,109.54,110.23,1887000,1749000,105.822,-8.3,-10.9,33.4,13,47.4,-17.7,-44.2,105.7,4.63E+11,8.88E+11,1.23E+12,96.18,168592,168592,27711000000,27533000000,104.91,100.42,102.61603,0.832926,2.03952381,2.037142857,2.302857143,8.466666667
30/06/2004,48146,452,45700,43399,98.877553,98.413938,96.665614,97.717057,103.124497,99.155132,101.519696,100.459955,5.3881,4.39,4.65E+12,2.34E+12,4.65E+12,86.5,87.84,104.96,72.11,79.33,109.18,79.56,85.3,110.59,111.7,1789000,1979000,107.028,-8.4,-11,33.4,12.9,45.8,-17.4,-44.3,105.8,4.68E+11,8.91E+11,1.23E+12,97.78,163986,163986,28491000000,29203000000,104.93,100.36,102.51633,0.823884,2.007727273,2.032727273,2.357272727,8.4
31/07/2004,47890,447,45900,38602,99.05343,98.587066,96.666914,97.851004,103.253834,99.196877,101.570447,100.647359,5.4446,4.27,4.70E+12,2.33E+12,4.70E+12,86.36,86.86,105.1,72.39,79.41,109.34,80.08,85.7,111.04,112.31,1805000,1991000,107.128,-8,-10.9,33.6,13.4,50,-14.3,-39.7,106.9,4.74E+11,8.98E+11,1.26E+12,97.86,166247,166247,28913000000,29360000000,104.98,100.48,102.83311,0.815355,2.005,2.015454545,2.254545455,8.433333333
31/08/2004,48111,443,37600,42879,98.881377,98.500606,96.733305,97.831075,103.168165,99.243423,101.489312,100.640748,5.3981,4.11,4.71E+12,2.34E+12,4.71E+12,86.55,85.43,104.73,72.84,79.62,109.04,80.72,86.1,107.1,107.68,1254000,1831000,103.988,-6.9,-11.4,33.8,12.6,46,-10.6,-37.7,107.3,4.63E+11,8.93E+11,1.25E+12,96.27,162100,162100,28117000000,29367000000,104.94,100.48,102.62285,0.821368,2.009545455,2.011363636,2.098636364,8.466666667
30/09/2004,48154,452,45500,43086,98.996011,98.702955,96.945354,98.078092,103.311764,99.421747,101.495238,100.814761,5.2799,4.09,4.69E+12,2.35E+12,4.69E+12,86.63,85.59,104.61,73.09,79.68,108.93,80.46,86.1,110.87,111.92,1762000,2106000,105.91,-5.7,-11.8,34,12.4,41.3,-6.9,-35.9,107.7,4.70E+11,8.99E+11,1.24E+12,95.77,166225,166225,28621000000,30037000000,105.02,100.63,102.39038,0.818521,2.004545455,2.023181818,2.066818182,8.5
31/10/2004,48033,443,48200,45003,99.519438,99.230464,97.133154,98.499562,103.666638,99.493736,101.378292,101.045961,5.1558,3.98,4.76E+12,2.36E+12,4.76E+12,86.85,85.61,104.89,73.78,79.69,108.46,81.22,86.5,111.69,112.67,1727000,2021000,103.163,-6,-9.4,34.7,11.5,39.5,-11.1,-34.4,109.7,4.77E+11,9.14E+11,1.27E+12,96.57,169180,169180,29374000000,30879000000,105.47,100.95,102.53583,0.800834,2.015238095,2.034285714,1.945714286,8.5
30/11/2004,48467,444,42100,44254,100.421488,99.874465,97.217095,98.994651,104.399959,99.734517,101.587072,101.63767,4.9367,3.86,4.79E+12,2.33E+12,4.79E+12,86.9,85.8,105.02,74.04,79.71,108.55,81.26,86.5,109.82,110.39,1703000,1994000,105.681,-7.7,-10.3,30.2,7.8,45.1,-14.5,-36.3,107.4,4.77E+11,9.16E+11,1.26E+12,97.79,178881,178881,29975000000,30475000000,106.19,101.51,103.21001,0.769859,2.039090909,2.059545455,1.800454545,8.5
31/12/2004,48357,386,47800,47056,101.177493,100.423641,97.053283,99.476646,104.882651,99.323653,101.314096,102.054873,4.8277,3.64,4.78E+12,2.42E+12,4.78E+12,87,86.05,105.14,74.15,79.8,109.09,81.05,86.2,110.05,110.75,1744000,2069000,105.681,-7.7,-11.4,27.8,9.5,46,-14,-36.2,108.9,5.01E+11,9.43E+11,1.28E+12,99.01,170111,170111,28167000000,29599000000,106.71,101.92,103.99499,0.745911,2.040869565,2.040434783,1.599565217,8.5
31/01/2005,48466,456,42000,40504,99.929813,99.801685,97.114381,98.999934,103.982535,99.392592,101.375408,101.420572,5.0329,3.58,4.87E+12,2.41E+12,4.87E+12,86.52,86.05,104.92,74.17,80.09,108.22,80.34,86.4,111.87,113.17,1836000,1966226,105.188,-8.9,-11.7,29.9,15,47.3,-18.2,-39.1,105.7,4.95E+11,9.43E+11,1.29E+12,99.2,172802,172802,28546000000,29699000000,105.58,101.3,103.37564,0.762311,2.038095238,2.036666667,1.543333333,8.433333333
28/02/2005,48751,411,39200,39555,99.724929,99.31522,96.849925,98.632177,103.741691,99.378451,101.577486,101.357564,4.9434,3.6,4.93E+12,2.42E+12,4.93E+12,87.05,86.56,104.97,74.45,80.24,108.65,81.35,86.2,110.58,111.05,1611000,2211429,101.814,-7.9,-11.2,28.3,14.2,49.1,-15,-36.7,104.3,4.89E+11,9.36E+11,1.30E+12,98.64,168897,168897,28990000000,30515000000,105.28,101.29,102.28736,0.768493,2.0368,2.0375,1.5625,8.366666667
31/03/2005,48756,427,43700,43742,100.307975,99.718591,96.910128,98.954195,104.271806,99.514696,101.590794,101.77431,5.0477,3.75,4.93E+12,2.44E+12,4.93E+12,87.6,87.39,104.97,75.01,80.53,108.34,81.86,87.1,108.19,108.73,1666000,2121484,100.398,-7.1,-12.6,34,14.5,51.3,-10,-37,103.3,4.97E+11,9.44E+11,1.30E+12,98.37,175357,175357,28253000000,30893000000,105.93,101.65,103.0581,0.757648,2.03826087,2.03826087,1.71173913,8.3
30/04/2005,49110,454,41900,40810,99.64661,99.232948,96.818974,98.667543,103.467551,99.175228,101.384831,101.187387,5.0815,3.54,5.07E+12,2.45E+12,5.07E+12,87.77,87.01,105.24,75.22,80.64,107.96,82.78,87.2,110.97,112.01,1725000,1908367,99.49,-8.8,-12.3,34.1,16.7,49.3,-17,-40.1,102.6,5.03E+11,9.58E+11,1.34E+12,99.36,178592,178592,29133000000,31774000000,105.38,101.2,102.34513,0.772948,2.035238095,2.03,1.51,8.333333333
31/05/2005,49512,464,40800,43094,98.773694,98.665283,96.866057,98.269685,102.736811,99.039455,101.211635,100.635807,5.3131,3.38,5.14E+12,2.48E+12,5.14E+12,87.83,87.4,105.37,75.09,80.7,108.77,82.34,87.1,109.73,110.36,1705000,1873613,99.162,-12,-14.1,40.6,11.9,50.4,-25.6,-41.9,99.2,5.00E+11,9.54E+11,1.36E+12,98.75,169898,169898,29261000000,30987000000,104.72,100.72,101.79557,0.787919,2.018636364,2.017727273,1.362272727,8.366666667
30/06/2005,49693,441,53100,49164,97.388164,97.298996,96.49254,97.113026,101.372068,98.691052,101.224285,99.524816,5.4243,3.2,5.13E+12,2.49E+12,5.13E+12,87.93,87.18,105.3,75.55,80.85,107.97,82.74,87.8,109.68,110.31,1608000,1970833,98.436,-8.8,-13.5,34,12.8,50.5,-14.6,-38,102.8,5.17E+11,9.70E+11,1.35E+12,99.62,168956,168956,29563000000,30556000000,103.49,99.89,100.94178,0.822078,2.017727273,2.008636364,1.191363636,8.4
31/07/2005,49583,404,50200,45085,97.330952,97.464822,96.958943,97.401664,101.322703,99.058971,101.155895,99.677863,5.394,3.27,5.20E+12,2.52E+12,5.20E+12,87.8,86.47,105.23,76.15,80.83,107.83,83.93,88.2,109.32,110.22,1568000,1935548,98.863,-10.9,-14.3,24.4,9.2,48.6,-22.3,-46.2,103.4,5.30E+11,9.86E+11,1.39E+12,97.6,169288,169288,29859000000,32243000000,103.17,99.81,100.67522,0.830808,2.01952381,2.01,1.26,8.466666667
31/08/2005,49519,411,40300,45985,97.796852,97.757389,96.825035,97.649944,101.773453,99.02737,101.210156,100.031171,5.3336,3.3,5.19E+12,2.49E+12,5.19E+12,88.14,85.79,104.93,76.51,81.19,107.54,84.62,88.5,108.7,109.04,1235000,1995419,99.345,-8.9,-13.2,29.2,11.1,46,-16.6,-41.7,104.3,5.15E+11,9.75E+11,1.38E+12,99.28,174472,174472,30354000000,32654000000,103.63,100.2,100.94393,0.813541,2.022608696,2.016521739,1.283478261,8.533333333
30/09/2005,49670,402,49900,50376,97.549384,97.454967,96.601311,97.384013,101.404389,98.785899,101.172086,99.648932,5.4421,3.13,5.21E+12,2.51E+12,5.21E+12,88.48,85.87,104.82,77.21,81.25,107.77,85.44,88.8,111.49,112.63,1553000,2049633,101.621,-6.8,-12.1,34,13.1,43.2,-10.5,-37,105.1,5.19E+11,9.76E+11,1.37E+12,99.89,178392,178392,31071000000,32689000000,103.39,100.08,100.36093,0.816052,2.025,2.025,1.105,8.6
31/10/2005,49501,413,49000,46765,97.064537,97.22078,96.762191,97.312088,100.857621,98.701873,100.927825,99.291148,5.4765,3.29,5.32E+12,2.55E+12,5.32E+12,88.46,86.04,104.83,77.36,81.35,107.28,85.51,89.1,108.2,109.27,1736000,1860774,98.598,-12,-16.2,19.3,7.2,45.2,-22,-47.3,104.6,5.28E+11,9.88E+11,1.39E+12,99.27,160009,160009,30328000000,32948000000,102.84,99.75,99.87304,0.832351,2.04952381,2.071428571,1.218571429,8.633333333
30/11/2005,49487,405,45100,46688,96.504555,96.815357,96.771554,97.088744,100.397055,98.685455,100.959705,99.071295,5.5631,3.5,5.60E+12,2.58E+12,5.60E+12,88.28,86.37,104.89,77.43,81.47,107.22,84.31,88.6,112.55,113.56,1624000,1995233,105.053,-13.4,-17.5,16.8,8.1,46.8,-25,-49.8,102.6,5.24E+11,9.79E+11,1.38E+12,99.36,177185,177185,32431000000,34467000000,102.32,99.49,99.26556,0.848554,2.145454545,2.239545455,1.260454545,8.666666667
31/12/2005,49351,403,56400,55709,96.498071,96.892097,96.668302,97.119995,100.397552,98.390689,100.699208,99.031142,5.56,3.38,5.47E+12,2.52E+12,5.47E+12,88.39,86.73,105.12,77.48,81.53,108.08,83.98,88.9,111.23,112.08,1612000,2012807,103.003,-11.8,-15.3,13.5,2.1,45.5,-21.6,-46.1,102.2,5.61E+11,1.02E+12,1.40E+12,99.18,172358,172358,31455000000,34197000000,102.29,99.48,99.50226,0.843503,2.268636364,2.323181818,1.056818182,8.7
31/01/2006,48925,364,46600,47117,96.829602,97.304839,96.73962,97.463188,100.869302,98.865651,101.147451,99.524355,5.4025,3.34,5.67E+12,2.54E+12,5.67E+12,88.3,87.12,104.87,77.93,82.11,107.24,84.64,89.5,110.52,111.17,1751000,2095548,102.869,-10.6,-14.4,9.5,8.9,40.6,-21.4,-43.1,103.6,5.47E+11,1.01E+12,1.40E+12,103.52,169000,169000,31835000000,34922000000,102.42,99.69,99.81637,0.8263,2.297272727,2.392272727,0.947727273,8.7
28/02/2006,48397,395,46200,46527,96.351997,96.80282,96.641165,97.198838,100.413576,98.74815,101.094188,99.340222,5.5003,3.51,5.74E+12,2.57E+12,5.74E+12,88.64,87.58,104.93,78.19,82.49,107.88,84.95,89.5,109.77,110.64,1651000,2152607,104.666,-10.6,-13.3,11.5,13.9,42.5,-21.4,-44.5,104,5.38E+11,1.01E+12,1.41E+12,101.55,168896,168896,32037000000,34135000000,102.02,99.57,99.01418,0.837665,2.337,2.4435,1.0665,8.7
31/03/2006,48169,375,52900,50559,96.688715,97.185167,96.873523,97.590029,100.824794,98.972788,101.028474,99.731233,5.4184,3.69,5.73E+12,2.56E+12,5.73E+12,88.89,87.69,103.99,78.47,82.92,107.37,84.83,90.1,111.79,112.99,1807000,2113742,107.976,-11.2,-13.1,24.4,13.6,39.5,-24.9,-44,104.8,5.43E+11,1.02E+12,1.42E+12,101.59,163635,163635,33022000000,35265000000,102.45,99.82,99.68587,0.831988,2.506956522,2.53826087,1.15173913,8.7
30/04/2006,47572,407,47200,44781,97.14448,97.75706,96.986557,98.126252,101.201297,98.87184,100.811567,100.032159,5.2081,3.96,5.86E+12,2.63E+12,5.86E+12,89.27,87.89,103.97,79.3,83.08,107.33,85.94,90.8,111.22,111.55,1802000,1910167,106.382,-7.5,-12.6,34,15.5,50.7,-11.2,-40.2,107.6,5.73E+11,1.05E+12,1.49E+12,100.51,182996,182996,32553000000,35253000000,102.83,100.05,100.0951,0.815017,2.545,2.575,1.385,8.666666667
31/05/2006,47222,400,48000,47694,98.015709,98.578817,96.719227,98.61892,102.150021,98.712439,101.007475,100.603192,5.1087,4,5.95E+12,2.66E+12,5.95E+12,89.65,88.52,104.92,79.63,83.38,107.62,86.43,91,113.01,114.46,1845000,1838226,109.146,-11,-13.7,12.2,14.2,50,-24.1,-44.7,107,5.60E+11,1.03E+12,1.48E+12,103.24,165165,165165,33259000000,35836000000,103.83,100.52,100.71972,0.783143,2.582173913,2.679130435,1.320869565,8.633333333
30/06/2006,46996,416,56400,56711,98.153749,98.836979,96.873043,98.969675,102.309077,98.783927,100.958143,100.861183,5.1295,4.01,5.80E+12,2.65E+12,5.80E+12,89.65,88.52,105.17,79.61,83.42,107.04,86.38,91.2,112.82,114.29,1784000,1967167,105.307,-12,-13,10.4,14.8,47.7,-25.4,-42.9,106.3,5.72E+11,1.05E+12,1.47E+12,105.46,174273,174273,33372000000,35247000000,103.98,100.46,100.81454,0.790583,2.734545455,2.789090909,1.220909091,8.6
31/07/2006,47019,417,54200,50364,98.157274,98.845487,96.904789,99.03266,102.111853,98.743115,100.880485,100.803258,5.1404,4.03,5.89E+12,2.70E+12,5.89E+12,89.5,88.26,105.03,79.8,83.39,106.88,87.32,91.9,111.25,112.3,1687000,1976581,105.403,-9,-11.4,5.8,15.1,45.3,-17.7,-36.5,107.8,5.69E+11,1.05E+12,1.48E+12,102.11,160040,160040,33106000000,35786000000,103.77,100.28,101.11357,0.788455,2.814285714,2.905238095,1.124761905,8.566666667
31/08/2006,47117,431,43700,45295,98.09576,98.79553,96.589132,98.909094,102.192477,98.52175,101.009055,100.781214,5.1231,3.9,5.91E+12,2.69E+12,5.91E+12,89.8,87.83,105.18,80.12,83.61,106.98,87.59,92.2,110.5,111.52,1192000,1894097,106.119,-9.1,-11.2,5.9,14.7,46.3,-18.2,-35.8,108.8,5.54E+11,1.04E+12,1.50E+12,101.26,177505,177505,32952000000,36458000000,103.96,100.55,101.21612,0.780571,2.940434783,3.049565217,0.850434783,8.533333333
30/09/2006,47082,424,47200,48979,97.913451,98.678022,96.609165,98.895011,101.86945,98.320446,100.843011,100.5629,5.1717,3.77,6.05E+12,2.71E+12,6.05E+12,89.6,88.2,104.99,80.13,83.76,106.1,85.99,91.6,112.21,113.53,1588000,2024400,105.231,-9.2,-11,6,14.5,47.3,-18.4,-35.2,109.9,5.66E+11,1.06E+12,1.51E+12,102.18,162396,162396,32916000000,35153000000,103.62,100.37,100.9758,0.785721,3.021904762,3.15952381,0.61047619,8.5
31/10/2006,47306,399,56500,52712,97.484725,98.374399,96.482747,98.689974,101.264206,97.871251,100.515107,100.090198,5.1388,3.81,6.10E+12,2.71E+12,6.10E+12,89.4,87.88,105.12,80.19,83.86,105.6,84.97,91.5,111.3,112.84,1614000,2073839,107.701,-6.8,-12,12.6,19.2,47.7,-9.3,-31.2,111,5.64E+11,1.06E+12,1.53E+12,101.73,164116,164116,33035000000,35586000000,103.05,100.04,100.62033,0.792983,3.194090909,3.268636364,0.541363636,8.333333333
30/11/2006,47594,392,50100,51011,97.889225,98.753599,96.376423,98.971109,101.694386,97.810054,100.589228,100.462883,4.9495,3.74,6.21E+12,2.71E+12,6.21E+12,89.5,88.47,105.29,80.22,83.94,105.37,84.96,91.4,110.68,112.11,1606000,1943233,108.286,-6.8,-12.7,10.4,19.2,48.3,-8.9,-29.8,112.1,5.63E+11,1.06E+12,1.53E+12,100.62,155844,155844,33235000000,34748000000,103.37,100.39,100.80569,0.776416,3.278636364,3.399545455,0.340454545,8.166666667
31/12/2006,47918,422,53300,51141,98.32472,99.319391,96.27393,99.427081,102.16003,97.547233,100.406037,100.848345,4.9751,3.81,6.17E+12,2.75E+12,6.17E+12,89.71,88.29,105.33,80.47,84.05,105.95,85.28,91.2,112.53,114.25,1525000,1920065,110.373,-7.8,-11.6,18.2,14.7,51.6,-12.4,-35,109.8,6.01E+11,1.11E+12,1.55E+12,99.54,162046,162046,33578000000,36520000000,103.76,100.72,100.9896,0.756861,3.453333333,3.486666667,0.323333333,8
31/01/2007,48346,370,44400,45866,97.756737,98.910131,96.124691,99.172921,101.659141,97.541925,100.577031,100.580343,5.0479,4.07,6.38E+12,2.79E+12,6.38E+12,89.4,88.59,105.18,80.45,84.35,105.36,85.36,91.3,111.31,113.25,1731000,2070100,108.947,-7.9,-11.1,9.5,24.5,48.7,-15,-37.7,109.6,5.72E+11,1.09E+12,1.56E+12,96.72,173110,173110,32696000000,35609000000,103.03,100.32,100.52578,0.769353,3.500869565,3.586086957,0.483913043,8.033333333
28/02/2007,49004,431,46400,44977,97.761466,99.05598,96.271527,99.354841,101.58608,97.423597,100.273416,100.573567,4.965,4.1,6.45E+12,2.81E+12,6.45E+12,89.57,88.2,105.17,80.7,84.51,105.71,85.75,91.8,112.31,114.19,1655000,1995200,110.62,-6.8,-11.6,10,23.8,47.6,-10,-35.7,110.6,5.72E+11,1.09E+12,1.57E+12,98.92,164874,164874,33044000000,36431000000,102.94,100.33,100.95363,0.764899,3.541,3.675,0.425,8.066666667
31/03/2007,49414,383,54900,57326,98.077555,99.485228,96.52159,99.668866,101.877436,97.549001,100.104057,100.731088,4.9281,4,6.62E+12,2.86E+12,6.62E+12,89.95,88.13,105.06,80.97,84.81,105.37,86.29,92.2,113.15,114.74,1879000,1960400,109.625,-6.4,-11,16.2,20.7,45.6,-10.2,-36.1,111.5,5.88E+11,1.12E+12,1.61E+12,101.11,160812,160812,33424000000,35921000000,103.34,100.61,101.16442,0.755213,3.720454545,3.747727273,0.252272727,8.1
30/04/2007,49786,367,44100,41298,98.564611,99.852045,96.415761,99.982069,102.225962,97.396109,99.988589,100.98127,4.8114,4.21,6.73E+12,2.91E+12,6.73E+12,90.39,88.91,105.05,81.35,84.98,105.6,87.28,92.6,111.27,113.29,1826000,1892900,107.559,-5.6,-10.7,10.3,20.8,45.2,-7.1,-36.5,111.6,5.95E+11,1.14E+12,1.64E+12,98.79,169581,169581,34148000000,37044000000,103.67,100.91,101.25031,0.739896,3.76952381,3.827619048,0.382380952,8
31/05/2007,50043,389,46500,47405,98.356183,99.785136,96.434877,100.01602,102.149482,97.480955,100.09508,101.012143,4.8746,4.34,6.81E+12,2.93E+12,6.81E+12,90.61,89.33,105.08,81.29,85.2,105.67,87.81,92.8,113.94,115.91,1829000,1825000,106.549,-1,-9.1,-3.8,24,41.2,5.7,-29.7,112.5,5.87E+11,1.13E+12,1.66E+12,97.52,170266,170266,34532000000,37862000000,103.62,101.04,100.96954,0.740134,3.799565217,3.929130435,0.410869565,7.9
30/06/2007,50445,364,52400,52359,98.072468,99.458371,96.378813,99.805845,101.779055,97.467287,100.179496,100.858248,4.8567,4.62,6.88E+12,2.97E+12,6.88E+12,90.72,89.68,105.08,81.46,85.25,105.48,87.78,92.8,113.51,114.89,1601000,1938800,106.35,-1.2,-7.8,-5.4,24.2,40.8,4.2,-26.4,113.4,6.14E+11,1.16E+12,1.67E+12,97.72,173227,173227,33737000000,37555000000,103.38,100.93,100.5083,0.745255,3.970952381,3.994285714,0.625714286,7.8
31/07/2007,50993,366,55700,48074,98.43917,99.730999,96.234053,100.006234,101.786062,97.242301,100.017566,100.962772,4.7906,4.58,6.93E+12,3.01E+12,6.93E+12,90.49,88.98,105.44,81.66,85.08,105.28,88.62,93.3,113.67,115.05,1770000,1978000,103.527,-2.1,-8.3,-5.4,25.7,43.4,2.5,-22.9,113.1,6.11E+11,1.17E+12,1.69E+12,99.92,179128,179128,33568000000,37520000000,103.3,100.91,100.82074,0.729123,3.985909091,4.047272727,0.532727273,7.733333333
31/08/2007,50950,372,43200,52023,98.360723,99.70212,96.406366,99.884822,102.082511,97.740579,100.397839,101.197452,4.8125,4.39,6.88E+12,3.03E+12,6.88E+12,90.86,88.85,105.38,81.89,85.28,105.1,88.43,93.4,114.35,115.73,1239000,1945800,105.208,-4,-8.3,-0.9,26.5,46.7,-3.4,-26,112,5.92E+11,1.16E+12,1.68E+12,99.14,176001,176001,34804000000,37816000000,103.51,101.11,100.83114,0.734129,3.976956522,4.01173913,0.37826087,7.666666667
30/09/2007,50998,365,45400,50471,98.880817,100.137669,96.62108,100.263876,102.345749,97.722521,100.159152,101.358189,4.6121,4.36,6.95E+12,3.10E+12,6.95E+12,90.96,89.38,105.28,82.25,85.38,104.57,87.97,93.9,111.71,112.57,1526000,1967300,107.642,-5.9,-8.3,3.5,27.2,50.2,-9.5,-29.3,110.8,6.08E+11,1.18E+12,1.71E+12,97.7,172514,172514,34530000000,38665000000,103.77,101.38,101.33843,0.719744,3.9145,3.9165,0.4435,7.6
31/10/2007,51433,365,52800,48442,99.232348,100.534336,96.666714,100.629498,102.501976,97.572448,99.989301,101.527808,4.5341,4.4,7.11E+12,3.15E+12,7.11E+12,91.19,89.89,105.5,82.73,85.56,104.02,88.3,94.3,114.25,115.17,1411000,2165700,110.042,-6.2,-9.6,11.3,24.3,54.5,-8.8,-31.7,111.6,5.99E+11,1.19E+12,1.73E+12,98.22,175219,175219,34908000000,38489000000,103.94,101.59,101.23043,0.702903,3.849565217,3.87826087,0.52173913,7.433333333
30/11/2007,51342,359,38700,38884,100.048831,101.36441,96.935126,101.283208,103.404245,97.943354,100.064297,102.287318,4.4546,4.23,7.21E+12,3.16E+12,7.21E+12,91.69,90.51,105.54,83.63,85.64,104.41,89.67,94.9,112.27,113.72,1460000,2101300,108.779,-9,-11.5,11.8,20,62.5,-17,-38,112,5.97E+11,1.20E+12,1.76E+12,98.04,170486,170486,33736000000,38176000000,104.67,102.2,101.72589,0.681078,3.91,3.927272727,0.302727273,7.266666667
31/12/2007,51343,359,47000,40582,100,101.419889,97.166979,101.424888,103.514797,98.196196,100.114111,102.523622,4.4865,4.35,7.12E+12,3.21E+12,7.12E+12,92.03,91.13,105.61,83.92,85.75,104.7,90.4,95.4,112.45,113.82,1323000,1861900,107.88,-9.4,-14.1,6.3,20.9,68.3,-14.4,-40.2,109.5,6.35E+11,1.26E+12,1.78E+12,99.16,197406,197406,35382000000,39448000000,104.63,102.43,102.02747,0.686388,3.848095238,3.820952381,0.529047619,7.1
31/01/2008,51359,365,43400,42058,100.27405,101.791514,97.691003,101.757558,103.973863,99.055615,100.529831,103.044376,4.4257,4.15,7.34E+12,3.23E+12,7.34E+12,91.92,92.5,105.49,84.25,85.91,104.12,90.42,96,113.42,115.3,1610000,2039000,108.671,-13.8,-16.5,7.2,22,66.7,-25.2,-45,107.9,6.08E+11,1.24E+12,1.79E+12,97.83,165343,165343,36498000000,40216000000,104.48,102.56,101.99428,0.67948,3.933478261,3.895652174,0.254347826,7
29/02/2008,51607,336,44800,39487,99.83496,101.681285,97.689528,101.69625,103.482873,98.732311,100.187901,102.745878,4.3204,4.08,7.35E+12,3.23E+12,7.35E+12,92.12,92.65,105.48,84.39,86.02,104.47,90.59,96.4,114.44,116.48,1596000,1969000,106.773,-13.3,-16,10.7,19.6,69.9,-24,-50.3,106.7,5.96E+11,1.25E+12,1.79E+12,98.92,178784,178784,36873000000,40176000000,103.9,102.3,101.85875,0.678146,3.955238095,3.866190476,0.213809524,6.9
31/03/2008,51390,347,47000,42842,101.446786,103.233062,98.086422,102.854707,105.105335,99.089722,100.031824,103.907345,4.141,4.02,7.35E+12,3.30E+12,7.35E+12,92.81,93.05,105.48,84.86,86.41,104.22,91.52,96.9,113.12,114.37,1665000,1860600,101.606,-14,-17.8,15,19.1,79.2,-24.3,-51.3,107,6.03E+11,1.26E+12,1.80E+12,97.78,174244,174244,34867000000,39546000000,105.5,103.27,102.76949,0.644179,3.941428571,3.882857143,0.137142857,6.8
30/04/2008,52111,335,40500,37681,102.070922,103.938231,98.312267,103.592958,105.74722,99.343274,100.150438,104.614027,4.2131,4.27,7.33E+12,3.28E+12,7.33E+12,93.12,93.69,105.52,85.12,86.72,103.85,92.1,97.7,115.57,116.13,1659000,1983600,101.456,-15.3,-16.9,9.5,20.2,76.7,-28.7,-52.7,104.6,6.02E+11,1.27E+12,1.83E+12,99.26,175907,175907,35774000000,39898000000,105.99,103.82,103.05329,0.634944,3.966363636,3.907727273,0.362272727,6.866666667
31/05/2008,51984,306,40500,39215,101.512643,103.504297,98.18853,103.192716,105.240781,99.1464,100.050884,104.090476,4.2206,4.41,7.44E+12,3.31E+12,7.44E+12,93.62,94.67,105.42,85.86,86.8,104.2,93.09,98.9,110.11,111.25,1689000,1829600,93.468,-16.7,-18.9,11.5,17.7,81.8,-29.2,-56.4,101.6,5.98E+11,1.27E+12,1.84E+12,98.42,182106,182106,34725000000,40371000000,105.56,103.61,102.6592,0.642842,3.977727273,3.967272727,0.442727273,6.933333333
30/06/2008,51980,343,42300,45409,101.367356,103.386974,98.096813,103.242953,105.044867,99.077307,100.088733,104.103995,4.1643,4.73,7.32E+12,3.31E+12,7.32E+12,93.96,94.86,105.16,86.41,86.95,103.77,94.5,99.5,109.8,110.65,1783000,1875800,92.961,-20.3,-22.8,9.6,14.3,82.5,-38.9,-63,98.3,6.10E+11,1.28E+12,1.82E+12,98.52,177893,177893,35621000000,40955000000,105.37,103.62,102.18567,0.64301,4.163809524,4.192380952,0.537619048,7
31/07/2008,52249,412,43400,40132,101.422099,103.533906,97.968139,103.401128,104.775123,98.77832,99.911605,103.961924,4.2039,4.69,7.35E+12,3.35E+12,7.35E+12,93.76,94.92,105.26,86.52,86.92,103.6,95.34,100.1,110.66,111.49,1750000,1903500,90.3,-20.4,-23.5,18.4,14.8,81.8,-40.2,-65.6,93.7,6.05E+11,1.29E+12,1.85E+12,97.73,177237,177237,35467000000,40684000000,104.97,103.36,101.83044,0.634154,4.260434783,4.293478261,0.396521739,7.033333333
31/08/2008,52386,393,30900,39275,99.802041,102.285625,98.014966,102.462001,103.501954,98.724208,99.905918,102.964082,4.4572,4.4,7.36E+12,3.32E+12,7.36E+12,93.73,93.64,105.32,86.36,87.19,103.84,94.17,99.7,109.11,109.8,1309000,1834300,90.482,-19.5,-23.5,25.8,15.2,77,-36.6,-63.4,93.7,5.94E+11,1.29E+12,1.85E+12,97.83,180207,180207,35351000000,40822000000,103.76,102.73,100.72253,0.668063,4.28047619,4.292380952,0.107619048,7.066666667
30/09/2008,53152,405,38200,38869,98.954088,101.729522,98.278532,101.815414,102.76721,98.704658,99.679543,102.08101,4.6691,4.36,7.44E+12,3.38E+12,7.44E+12,93.67,93.72,104.78,86.59,87.32,103.14,93.68,99.2,108.64,109.26,1507000,1972200,83.582,-18.9,-21.5,28.6,11.1,70.6,-36.7,-64.9,93.4,6.06E+11,1.30E+12,1.83E+12,98.08,171676,171676,35653000000,41196000000,102.87,102.04,99.76851,0.696091,4.173181818,4.106363636,0.253636364,7.1
31/10/2008,53815,437,42100,41282,97.41437,100.609927,98.408604,100.614582,101.60488,98.819782,99.671772,100.900198,5.1699,4.18,7.90E+12,3.46E+12,7.90E+12,93.62,94.17,105.16,86.69,87.52,102.75,92.59,98.7,106.59,107.22,1637000,2027400,74.418,-20.5,-19.5,56.1,-4.7,66.5,-44.2,-72.6,85.2,6.07E+11,1.32E+12,1.88E+12,96.99,163662,163662,33356000000,39536000000,101.55,100.89,98.79025,0.751621,3.008695652,2.63826087,1.54173913,7.2
30/11/2008,54442,437,29700,40747,96.954655,100.321825,99.362728,100.455912,101.293532,99.682448,99.648851,100.816855,5.171,3.98,7.98E+12,3.46E+12,7.98E+12,93.18,93.97,105.15,86.13,87.52,102.52,90.78,97.1,101.24,100.81,1031000,1858900,67.119,-16.8,-17.7,62,4.4,55.7,-35,-68.8,83.9,6.02E+11,1.32E+12,1.87E+12,96.69,158418,158418,32253000000,36504000000,101.09,100.67,99.08873,0.785486,2.7875,2.49,1.49,7.3
31/12/2008,55562,434,33500,36382,99.672,103.002731,100.908201,102.537454,104.0116,101.122866,99.491055,102.932547,4.7045,3.54,7.71E+12,3.49E+12,7.71E+12,92.95,94.01,105.13,85.6,87.68,102.97,89.35,96.2,99.84,99.35,643000,2065300,64.824,-19.4,-18.8,68,8,51,-41.8,-70.6,74.2,6.36E+11,1.36E+12,1.88E+12,96.38,146645,146645,32956000000,35012000000,103.31,102.13,102.26324,0.745201,2.082173913,1.949130435,1.590869565,7.4
31/01/2009,56365,431,30100,37502,99.300697,103.18152,101.465425,102.563776,104.113899,101.931212,99.848638,103.02963,5.105,3.6,7.96E+12,3.51E+12,7.96E+12,92.57,94.59,104.84,85.63,88.24,102.47,88.68,93.9,96.18,94.88,857000,2021400,63.833,-18.6,-17.7,66.5,10.6,43.7,-41.8,-68.2,74.1,6.06E+11,1.30E+12,1.84E+12,98.51,161978,161978,28459000000,32795000000,102.92,101.79,100.34826,0.755724,1.593454545,1.423,2.177,7.666666667
28/02/2009,57165,472,25800,35738,98.408411,102.748892,101.433473,102.050293,103.637234,101.711653,99.68999,102.457106,5.1689,3.68,7.86E+12,3.48E+12,7.86E+12,92.92,94.59,104.7,85.73,88.47,102.91,89.22,93.4,94.83,93.66,1025000,2032500,63.004,-19.9,-18.1,67.7,7.2,44.1,-44.2,-72.6,72.9,5.96E+11,1.29E+12,1.85E+12,97.8,156043,156043,28487000000,32538000000,102.45,101.24,99.49587,0.782243,1.154,1.01,2.67,7.933333333
31/03/2009,58902,514,32400,22926,99.672138,103.885454,101.930256,103.271142,104.628126,102.097586,99.611998,103.56373,4.9408,3.65,7.63E+12,3.46E+12,7.63E+12,93.09,94.41,104.71,85.43,88.84,102.76,88.91,93.2,93.08,92.19,1054000,1950900,66.414,-20.5,-18,74,10.9,39.4,-46.5,-73,71.3,6.01E+11,1.30E+12,1.85E+12,93.84,164134,164134,28455000000,32304000000,103.61,102.26,100.54299,0.766963,0.870454545,0.753636364,2.896363636,8.2
30/04/2009,59688,507,29100,28426,99.203315,103.238462,101.346735,102.785563,103.797387,101.316533,99.415193,102.892332,4.9491,3.66,7.73E+12,3.49E+12,7.73E+12,93.24,94.48,104.83,85.03,89.06,102.38,89.7,92.4,93.05,92.2,821000,1830800,72.337,-17.2,-17.1,68.6,4.3,34.8,-37,-71.2,71.6,6.17E+11,1.32E+12,1.88E+12,96.69,177294,177294,27422000000,31462000000,103.16,101.93,99.79259,0.758238,0.786818182,0.767727273,2.892272727,8.4
31/05/2009,60571,472,26500,32169,99.482411,103.389656,100.99675,102.90576,103.976817,101.004581,99.563725,103.027951,4.6366,3.8,7.60E+12,3.49E+12,7.60E+12,93.38,94.76,104.92,84.74,89.34,102.68,89.78,92.1,94.16,93.5,992000,1699700,77.632,-16.3,-17.5,64.6,3.9,29.6,-32.5,-64.6,76.3,6.16E+11,1.31E+12,1.88E+12,96.64,211041,211041,28835000000,31692000000,103.59,102.17,100.01867,0.732805,0.738619048,0.715333333,3.084666667,8.6
30/06/2009,61436,487,31800,30315,99.736595,103.819354,100.699209,103.220204,104.248527,100.621284,99.498706,103.196367,4.677,3.9,7.80E+12,3.52E+12,7.80E+12,93.5,94.16,104.92,85.14,89.25,102.35,90.89,92.4,95.39,95.23,1109000,1848800,80.269,-14.8,-15.4,61,6.3,26.5,-30.9,-65.3,78.4,6.27E+11,1.30E+12,1.84E+12,96.47,186893,186893,28113000000,32346000000,104.16,102.41,100.28016,0.713503,0.724545455,0.722272727,3.177727273,8.8
31/07/2009,62122,463,37900,33325,99.761645,103.800168,100.56232,103.057052,104.019605,100.566721,99.751657,103.001382,4.6267,3.73,7.88E+12,3.55E+12,7.88E+12,93.08,93.39,105.08,85.21,89.12,102.27,91.03,92.5,95,94.72,1110000,1870100,86.967,-14.5,-15.5,61,6.4,24.6,-30,-67.6,80.4,6.35E+11,1.31E+12,1.84E+12,96.41,196077,196077,31063000000,32176000000,103.8,102.24,100.23893,0.709885,0.377391304,0.443478261,3.286521739,8.8
31/08/2009,62590,428,26300,30589,99.898201,103.798713,100.303374,102.987609,104.334307,100.505887,99.883895,103.19595,4.5717,3.59,7.80E+12,3.49E+12,7.80E+12,93.56,92.62,104.79,85.61,89.55,102.38,91.49,92.7,96.6,96.27,824000,1607700,88.384,-16.6,-17.3,68.6,2.6,28.4,-35.5,-74.2,81.9,6.29E+11,1.31E+12,1.82E+12,97.76,190722,190722,28371000000,31945000000,104.17,102.55,99.96887,0.7009,0.33952381,0.394761905,3.195238095,8.8
30/09/2009,63349,447,35100,33369,100.446682,104.420782,100.737729,103.523846,104.713287,100.702593,99.680583,103.455896,4.4866,3.59,7.71E+12,3.47E+12,7.71E+12,93.33,93.1,104.5,85.76,89.73,101.76,90.41,92.6,97.09,97.1,1266000,1915600,91.883,-13.1,-16.1,51.1,-0.2,15.8,-23.6,-57.9,87,6.35E+11,1.31E+12,1.78E+12,97.3,194219,194219,29314000000,32528000000,104.47,102.76,100.26971,0.686827,0.338636364,0.368636364,3.221363636,8.8
31/10/2009,63172,411,37600,41376,100.959859,104.800511,101.186904,104.003118,104.978642,101.08417,99.615338,103.841786,4.4486,3.56,7.72E+12,3.48E+12,7.72E+12,93.42,93.54,104.73,86.19,89.65,101.27,90.58,93.2,96.44,96.31,1370000,1876000,95.632,-11,-16.3,50.9,8.9,19,-17.4,-53.5,89.6,6.41E+11,1.32E+12,1.78E+12,99.2,203516,203516,29422000000,33549000000,104.83,103.05,100.47549,0.674987,0.34,0.403636364,3.156363636,8.9
30/11/2009,63395,421,30800,34809,100.847898,104.719436,100.928382,103.900618,104.874441,100.863511,99.711483,103.761277,4.3692,3.56,7.81E+12,3.50E+12,7.81E+12,93.55,93.6,104.69,86.45,89.73,100.9,90.92,93.4,97.37,97.66,1311000,1745900,97.738,-8.6,-13.1,50,9.1,19.8,-13.2,-48,91.7,6.39E+11,1.31E+12,1.78E+12,98.62,221385,221385,29051000000,34119000000,104.82,103.04,100.24857,0.670522,0.341428571,0.402380952,3.157619048,9
31/12/2009,63205,425,36800,33453,100.042161,104.231991,100.959262,103.476012,104.458013,100.903958,99.734829,103.453974,4.572,3.48,7.66E+12,3.51E+12,7.66E+12,93.8,93.49,104.75,86.68,90.02,101.83,91.31,93.4,97.08,96.57,1102000,1925400,99.042,-9.2,-12.3,44.9,10.5,21,-15.5,-46,95.8,6.77E+11,1.35E+12,1.80E+12,101.38,204664,204664,29885000000,34503000000,104.26,102.73,99.62044,0.68454,0.327347826,0.372173913,3.107826087,9.1
31/01/2010,63256,435,32500,32936,99.064631,103.076525,100.592493,102.57064,103.353847,100.964853,100.367672,102.700522,4.7184,3.52,7.83E+12,3.55E+12,7.83E+12,93.59,94.42,104.67,87.06,89.89,101.26,92.46,93.9,98.12,97.13,1136000,1743300,99.775,-7.4,-11.8,44.1,13.2,22.6,-10.9,-42.3,97.5,6.55E+11,1.34E+12,1.80E+12,97.2,193056,193056,30498000000,34133000000,102.98,102.02,98.77386,0.700779,0.315714286,0.325238095,3.194761905,9.066666667
28/02/2010,63218,441,34700,32998,97.89343,101.749623,100.390457,101.491258,102.236856,100.961012,100.559176,101.887325,4.8046,3.5,7.95E+12,3.58E+12,7.95E+12,94.11,94.49,104.71,87.13,90.66,101.68,92.3,94,97.5,96.6,1127000,1941000,99.955,-9.2,-15.1,38.8,13.1,21.5,-12.7,-41.6,95.9,6.45E+11,1.33E+12,1.78E+12,97.82,182501,182501,30752000000,33785000000,101.92,101.45,97.38591,0.730765,0.2865,0.3055,3.1945,9.033333333
31/03/2010,63242,426,45000,40887,97.431689,101.335678,100.560845,101.313196,101.590123,100.697341,100.016969,101.401007,4.8519,3.44,7.96E+12,3.62E+12,7.96E+12,94.57,94.86,104.71,87.47,91,101.53,93.23,94.3,99.42,98.78,1476000,1900300,101.923,-10.4,-13.7,47.1,13.6,23.1,-17.3,-45.9,98,6.54E+11,1.34E+12,1.79E+12,98.41,189727,189727,31415000000,35812000000,101.59,101.3,96.62551,0.73706,0.29173913,0.303043478,3.136956522,9
30/04/2010,62595,423,38700,35233,96.680409,100.526121,100.151374,100.720183,100.712468,100.215723,99.983634,100.754726,4.9379,3.4,8.16E+12,3.67E+12,8.16E+12,94.81,95.26,104.42,88.32,91.21,101.28,93.45,94.8,99.04,98.7,1451000,1831200,101.126,-11.4,-14.1,43.1,13.8,28.1,-21.6,-46.3,100.7,6.81E+11,1.37E+12,1.84E+12,98.63,177243,177243,32498000000,35718000000,100.81,100.74,95.54826,0.746006,0.262272727,0.283636364,3.116363636,8.966666667
31/05/2010,62547,401,37200,38543,94.588451,98.816999,100.076492,99.324414,99.055926,100.162658,100.035249,99.426909,5.3406,3.08,8.39E+12,3.70E+12,8.39E+12,94.92,95.53,104.4,88.14,91.47,101.71,93.56,94.9,99.83,99.27,1573000,1680400,101.522,-13.3,-14,39,8,28.5,-29.5,-48.5,98.8,6.69E+11,1.36E+12,1.83E+12,99.71,180608,180608,31365000000,36513000000,99.19,99.57,93.73194,0.796253,0.211904762,0.226190476,2.853809524,8.933333333
30/06/2010,62560,397,44300,36457,93.436186,97.779744,99.679287,98.323994,97.989826,99.734976,100.023843,98.438097,5.3418,3.07,8.19E+12,3.72E+12,8.19E+12,94.91,95.37,104.31,88.14,91.61,101.56,93.39,95.1,99.41,99.04,1457000,1822500,103.066,-14.1,-13.4,40.4,8.3,29.3,-31,-52.3,97.5,6.85E+11,1.37E+12,1.84E+12,98.02,178077,178077,34051000000,37027000000,98.31,98.8,92.88155,0.819193,0.213181818,0.228181818,2.841818182,8.9
31/07/2010,62122,385,49900,48250,94.702922,98.845243,99.752184,99.048867,98.908893,99.863187,100.157971,99.170362,5.0285,2.99,8.15E+12,3.68E+12,8.15E+12,94.64,94.79,104.43,88.36,91.37,101.61,94.26,95.4,100.09,99.69,1290000,1815500,102.494,-14.1,-14.4,41.5,13.7,29.2,-28,-51,99.7,7.00E+11,1.39E+12,1.86E+12,100.27,173949,173949,34886000000,37814000000,98.98,99.15,94.01067,0.783286,0.295454545,0.376363636,2.613636364,8.866666667
31/08/2010,62172,409,33700,35695,94.282934,98.721383,99.457448,98.801528,98.794999,99.531698,100.109118,98.93692,5.1599,2.68,8.34E+12,3.63E+12,8.34E+12,94.86,93.86,104.18,88.6,91.94,101.61,93.82,95.5,99.08,98.63,858000,1727900,101.76,-12.4,-13.9,34.1,16.6,27.5,-21.9,-42.8,101.6,6.87E+11,1.39E+12,1.87E+12,101.02,167681,167681,32873000000,37797000000,98.92,99.1,93.67515,0.775758,0.308181818,0.382272727,2.297727273,8.833333333
30/09/2010,61571,401,43600,38937,94.577543,98.996436,99.618921,98.98598,98.777571,99.389553,99.800092,98.817706,4.8046,2.68,8.15E+12,3.62E+12,8.15E+12,94.79,93.9,103.78,88.93,92.18,100.89,93.62,96,100.29,99.98,1256000,1931500,104.526,-13.9,-14.8,25.4,15.7,32.8,-24.4,-44.3,101.6,6.90E+11,1.40E+12,1.87E+12,100.47,177446,177446,32767000000,37234000000,98.84,99.07,94.00055,0.765702,0.319090909,0.370909091,2.309090909,8.8
31/10/2010,61126,408,41000,40268,96.3062,100.878328,100.134874,100.480103,100.409305,99.774184,99.66034,100.141557,4.7199,2.72,8.06E+12,3.54E+12,8.06E+12,94.91,93.98,104,89.55,92.2,100.81,93.75,96.5,100.13,99.7,1374000,1739600,104.841,-12.8,-14.5,30.7,25.8,32.5,-24.4,-43.6,104.3,6.96E+11,1.42E+12,1.90E+12,98.87,172404,172404,32945000000,36202000000,100.27,100.16,95.54093,0.719577,0.507142857,0.578571429,2.141428571,8.8
30/11/2010,60856,392,33400,34413,95.470697,100.263601,99.854217,99.916647,99.717077,99.49847,99.712725,99.614077,5.039,3,8.08E+12,3.59E+12,8.08E+12,95.02,94.45,104.05,89.65,92.34,100.59,93.94,96.9,101.4,100.82,1290000,1774900,107.348,-10.5,-13.4,32.4,21.5,34.3,-19.6,-43.9,104.1,6.92E+11,1.41E+12,1.90E+12,102.21,193961,193961,34312000000,40035000000,99.58,99.7,94.86023,0.732405,0.507727273,0.643636364,2.356363636,8.8
31/12/2010,60330,324,42800,38925,94.270555,99.142035,99.739192,99.116388,98.604685,99.226284,99.577725,98.814854,4.8885,3.34,7.83E+12,3.56E+12,7.83E+12,95.45,94.66,104.09,90.16,92.58,101.06,95.07,97.4,102.74,101.79,1126000,1926200,106.683,-13,-14.8,31.1,22,40,-23.1,-44.9,107.2,7.27E+11,1.46E+12,1.92E+12,102.22,197375,197375,33780000000,39204000000,98.61,98.94,93.65896,0.756462,0.38,0.487826087,2.852173913,8.8
31/01/2011,60361,394,40100,41519,94.245392,99.149179,99.550292,99.187135,98.49991,99.282373,100.005891,98.919632,4.7846,3.44,7.87E+12,3.62E+12,7.87E+12,95.22,94.48,104.3,90.99,92.74,99.67,96.25,98.2,103.96,104.09,1222000,1760300,110.631,-14.1,-14,31.2,16.1,48.8,-26.7,-48.9,108.8,6.97E+11,1.43E+12,1.90E+12,99.71,207076,207076,34657000000,41128000000,98.18,98.66,93.52806,0.748811,0.463809524,0.491904762,2.948095238,8.8
28/02/2011,60338,392,35600,41820,94.803525,99.786289,99.492204,99.743041,99.042187,99.084928,99.838823,99.426846,4.7488,3.6,7.91E+12,3.61E+12,7.91E+12,95.67,94.8,104.24,91.4,93.02,100.46,96.99,98.9,104.3,105.03,1190000,1901600,109.586,-14.1,-15,35.4,17.8,53.8,-27.7,-44.5,109.3,6.85E+11,1.43E+12,1.91E+12,101.9,206050,206050,35103000000,41248000000,98.73,99.05,93.86849,0.732703,0.614,0.6585,2.9415,8.8
31/03/2011,59943,418,42300,38940,95.666563,100.674594,99.84542,100.501634,99.894663,99.270059,99.519777,100.094675,4.6231,3.61,7.68E+12,3.64E+12,7.68E+12,96.45,95.68,104.37,91.93,93.56,100.57,97.71,99.6,102.99,103.59,1425000,1776500,108.358,-14.4,-12.4,28.1,18.3,60.4,-29,-43,109.7,6.94E+11,1.44E+12,1.92E+12,102.47,191820,191820,35620000000,41787000000,99.79,99.79,94.51377,0.714394,0.666086957,0.763043478,2.846956522,8.8
30/04/2011,59706,366,37800,39088,96.548978,101.532343,100.027081,101.316858,100.558799,99.221785,99.359897,100.701952,4.4224,3.69,7.81E+12,3.70E+12,7.81E+12,96.78,95.82,104.33,92.38,93.88,100.32,98.49,100.6,101.24,102.21,1446000,1734000,106.134,-16.2,-13.7,26.2,23.7,64.8,-34.5,-47.4,108.4,7.08E+11,1.46E+12,1.95E+12,100.93,168968,168968,35266000000,41274000000,100.51,100.37,95.33335,0.692559,0.876666667,0.928095238,2.761904762,8.766666667
31/05/2011,60510,413,44800,43541,95.821104,101.105984,99.95124,100.90113,100.050897,99.168319,99.433809,100.214912,4.5622,3.49,7.92E+12,3.69E+12,7.92E+12,96.83,96.85,104.29,91.95,94,100.79,97.77,100.4,104.56,105.56,1457000,1721400,105.745,-14.8,-15,21.1,21.1,62.8,-27.8,-41.6,106.2,6.98E+11,1.45E+12,1.94E+12,101.8,170754,170754,35658000000,40631000000,100,99.92,94.80863,0.697143,0.871818182,0.998636364,2.491363636,8.733333333
30/06/2011,59892,332,45600,40495,96.056297,101.228924,100.165494,101.045322,100.253726,99.552683,99.579202,100.570074,4.5242,3.43,7.80E+12,3.71E+12,7.80E+12,96.91,97.12,104.3,92.07,94.07,100.54,97.76,100.3,101.69,101.55,1369000,1772500,97.915,-15,-19,18.3,22.1,60.3,-25.7,-40.1,106.5,7.20E+11,1.46E+12,1.92E+12,100.01,166514,166514,35247000000,40794000000,100.15,100.02,94.80226,0.695079,0.965,1.070909091,2.359090909,8.7
31/07/2011,59524,392,50800,51499,95.367802,100.72789,100.168682,100.671197,99.360756,99.3974,99.462308,99.979786,4.564,3.4,7.98E+12,3.78E+12,7.98E+12,96.48,96.92,104.43,92.3,93.84,100.43,98.2,100.9,102.84,103.08,1467000,1786500,99.191,-14.8,-18.2,28.6,21,61.8,-27,-43.1,104.2,7.30E+11,1.48E+12,1.93E+12,97.69,177275,177275,35038000000,41036000000,99.16,99.1,94.5925,0.701133,0.943809524,1.094285714,2.305714286,8.733333333
31/08/2011,59565,404,39300,41175,95.419068,100.981264,100.16022,100.7455,100.05016,99.753645,99.833024,100.446437,4.5557,2.98,8.19E+12,3.81E+12,8.19E+12,96.98,96.72,104.01,92.54,93.91,100.4,98.09,100.9,101.98,101.93,1029000,1790800,97.702,-18.3,-16.2,40.3,8.2,57.2,-40.4,-52.7,98.8,7.14E+11,1.47E+12,1.95E+12,100.55,174783,174783,36541000000,41633000000,99.65,99.35,94.84616,0.69723,0.667391304,0.729565217,2.250434783,8.766666667
30/09/2011,59336,370,51100,44163,94.639087,100.382898,100.283388,100.177954,98.996733,99.231407,99.167131,99.323426,4.8895,2.64,8.45E+12,3.85E+12,8.45E+12,96.91,96.96,103.9,92.78,93.84,99.76,98.19,101.1,101.2,101.23,1309000,1905400,95.299,-19.1,-20.8,43.4,9.7,62,-40.2,-64.4,95.7,7.25E+11,1.48E+12,1.94E+12,99.83,172414,172414,35424000000,41701000000,98.73,98.68,94.32325,0.726457,0.505,0.483181818,2.156818182,8.8
31/10/2011,59420,372,44300,54750,94.930035,100.515388,100.333289,100.275549,99.070289,99.270079,99.145664,99.410624,4.7025,2.99,8.44E+12,3.87E+12,8.44E+12,97.14,97.31,104.12,93.18,93.96,99.68,98.34,101.6,101.45,101.5,1412000,1763700,95.155,-17.3,-14.3,41.4,12.5,55.5,-38.6,-59.8,95,7.30E+11,1.48E+12,1.94E+12,100.08,176405,176405,35498000000,41041000000,98.86,98.83,94.65075,0.729854,0.490952381,0.52952381,2.46047619,8.866666667
30/11/2011,59600,395,38300,45423,94.68147,100.084474,100.295412,100.064877,98.874471,99.468404,99.428267,99.465946,4.8733,3.41,8.36E+12,3.89E+12,8.36E+12,97.41,97.58,104.1,93.5,94.69,100.01,98.35,102,103.62,104.36,1345000,1716900,95.352,-20.8,-16.5,52.1,14.6,52.9,-46.6,-63.9,92.4,7.28E+11,1.48E+12,1.93E+12,99.33,180548,180548,36842000000,42043000000,98.74,98.78,94.6678,0.737802,0.415454545,0.485909091,2.924090909,8.933333333
31/12/2011,59492,367,48000,52387,93.798747,99.172453,100.066723,99.291791,98.178067,99.348266,99.548103,98.898669,5.0528,3.16,8.40E+12,3.96E+12,8.40E+12,97.8,97.89,104.03,93.72,94.89,100.6,98.89,101.8,101.44,102.1,1108000,1723800,94.958,-20.9,-16.7,50.2,17.1,52.2,-45.6,-65.4,92.6,7.61E+11,1.51E+12,1.97E+12,99.64,165878,165878,36346000000,40309000000,98.15,98.45,93.80295,0.758942,0.109090909,0.111363636,3.048636364,9
31/01/2012,59962,436,39000,42189,92.77317,97.99438,99.797519,98.328454,96.893899,99.30014,99.909026,97.932015,5.0117,3.18,8.45E+12,3.93E+12,8.45E+12,97.46,97.86,104.06,94.56,95.51,99.63,99.68,102.3,100.9,101.1,1368000,1742900,94.562,-19.5,-17.6,46.3,16.4,54.5,-40.3,-64.4,90.7,7.67E+11,1.53E+12,1.97E+12,100.36,157164,157164,36408000000,41517000000,96.61,97.47,93.23256,0.775004,0.103181818,0.142727273,3.037272727,9.033333333
29/02/2012,59983,372,36600,40414,93.087624,98.306068,99.656036,98.662017,97.227245,98.953738,99.64022,98.172296,4.9052,3.02,8.48E+12,3.92E+12,8.48E+12,97.86,98.39,103.9,95.04,95.89,100.28,99.92,102.8,101.7,100.14,1300000,1947400,93.836,-17.3,-16.8,46.8,20.3,56.1,-34.5,-63,93.2,7.41E+11,1.51E+12,1.96E+12,98.43,161190,161190,36358000000,43082000000,96.9,97.8,93.49784,0.756264,0.125714286,0.135238095,2.884761905,9.066666667
31/03/2012,59538,353,42100,40096,93.338459,98.491312,99.602049,98.95982,97.473197,98.824815,99.424731,98.498969,4.9267,2.95,8.45E+12,3.95E+12,8.45E+12,98.67,99.12,103.63,95.23,96.17,100.45,100.69,103.2,101.14,101.91,1480000,1722900,94.866,-13.4,-16.9,41.9,17.9,53.4,-24,-54.6,95,7.51E+11,1.52E+12,1.99E+12,99.81,155905,155905,36838000000,41857000000,97.34,98.2,93.52183,0.757553,0.06,0.067727273,2.882272727,9.1
30/04/2012,59697,377,40100,36725,93.050083,98.358309,99.455421,98.753449,97.118766,98.410253,99.178526,98.04843,4.9556,2.99,8.51E+12,3.98E+12,8.51E+12,98.8,99.1,103.6,95.33,96.32,100.38,101.42,103.3,101.34,100.16,1419000,1684300,92.809,-14.2,-16.6,39.1,25.6,53.8,-27.4,-52.9,94.4,7.48E+11,1.52E+12,1.99E+12,98.08,162563,162563,36017000000,41863000000,97.09,97.89,93.17896,0.759802,0.079047619,0.089047619,2.900952381,9.166666667
31/05/2012,58866,366,38100,40881,92.167373,97.708993,99.338169,98.032075,96.524502,98.358324,99.275618,97.402485,5.3054,2.75,8.80E+12,3.97E+12,8.80E+12,98.75,99.68,103.35,94.96,96.41,101.31,100.59,102.7,99.84,99.79,1475000,1669100,91.242,-11.9,-13.3,30.4,24.3,46,-23.1,-52.8,92.5,7.53E+11,1.53E+12,2.00E+12,97.09,163777,163777,37742000000,42972000000,96.45,97.29,92.52319,0.782165,0.075652174,0.073913043,2.676086957,9.233333333
30/06/2012,58912,377,43200,40665,91.937661,97.363475,99.354824,97.554088,96.345404,98.602376,99.489847,97.170844,5.1687,2.57,8.64E+12,4.00E+12,8.64E+12,98.78,100.11,103.32,94.69,96.44,100.74,100.16,102.1,99.2,99.18,1340000,1777900,90.874,-12.1,-13.6,36.3,26,46.2,-22.9,-49.7,90.8,7.60E+11,1.53E+12,2.00E+12,99.59,160179,160179,36630000000,41813000000,96.3,97.16,92.1858,0.798362,0.062380952,0.057142857,2.512857143,9.3
31/07/2012,59728,366,47000,50019,90.726596,96.241551,98.887765,96.594912,94.827939,97.928761,99.324462,95.977385,5.3264,2.28,8.76E+12,4.05E+12,8.76E+12,98.35,99.4,103.55,95.1,96.02,100.78,101.02,102.7,99.79,100.06,1439000,1797500,90.477,-15.5,-13.1,51.9,19.6,38.6,-33.5,-53.4,88.5,7.75E+11,1.55E+12,2.02E+12,99.34,150344,150344,36670000000,41117000000,94.9,95.99,91.70291,0.813875,-0.009090909,3.15E-18,2.28,9.333333333
31/08/2012,59626,377,40200,41408,90.787323,96.242325,98.685466,96.537654,95.175409,98.018589,99.585738,96.244554,5.2048,2.12,8.63E+12,3.99E+12,8.63E+12,99,98.83,103.46,95.85,96.45,100.83,102.26,103.7,101.61,101.96,954000,1661100,92.224,-14.9,-15.9,55.3,24.2,42.3,-29.5,-52.5,88.6,7.61E+11,1.54E+12,2.00E+12,95.97,156571,156571,37586000000,43319000000,95.22,96.3,91.87762,0.806519,-0.018695652,-0.010434783,2.130434783,9.366666667
30/09/2012,59351,387,40600,47229,91.670972,97.462296,98.929873,97.555839,95.632753,97.365802,98.643228,96.41112,5.0989,2.24,8.56E+12,3.99E+12,8.56E+12,98.76,99.07,103.15,96.02,96.5,100.23,101.04,104,100.01,100.05,1278000,1723900,89.945,-18.1,-16,53.3,26.1,46.4,-40,-58.4,87.3,7.67E+11,1.54E+12,1.98E+12,98.5,150502,150502,37593000000,41754000000,95.69,96.46,92.60885,0.777992,-0.0145,-0.0105,2.2505,9.4
31/10/2012,60319,418,41900,43801,91.933423,97.800913,99.10489,97.991887,95.890708,97.486997,98.621043,96.803587,5.0626,2.19,8.20E+12,4.01E+12,8.20E+12,98.94,100.01,103.42,96.53,96.43,99.78,100.64,104.5,98.11,97.68,1310000,1805100,90.278,-19.4,-18,54.5,28.7,46.2,-40.1,-56.9,84.6,7.57E+11,1.55E+12,1.98E+12,97.49,149066,149066,36878000000,41560000000,95.91,96.72,93.0192,0.770782,-0.013043478,-0.012173913,2.202173913,9.5
30/11/2012,60411,365,33200,38453,91.666594,97.448908,99.095573,97.834157,95.486697,97.473623,98.680044,96.674606,5.044,2.14,8.25E+12,4.00E+12,8.25E+12,98.79,100,103.37,96.56,96.6,100.31,99.71,104.3,98.29,97.52,1272000,1706700,90.513,-19.4,-19.9,52.4,32.2,42.8,-36.7,-54.8,85.7,7.56E+11,1.54E+12,1.97E+12,96.58,143135,143135,36130000000,40869000000,95.53,96.52,92.74699,0.779608,-0.01,-0.011818182,2.151818182,9.6
31/12/2012,61095,468,39400,33616,92.444017,98.278927,99.211693,98.61549,96.382756,97.586279,98.636643,97.569029,4.9758,2.01,8.08E+12,4.00E+12,8.08E+12,99.1,100.02,103.29,96.63,96.91,100.61,100.51,103.8,99.2,99.05,972000,1609000,93.93,-18.4,-18.6,54.7,30.1,41.1,-37,-55.8,86.6,7.98E+11,1.60E+12,2.01E+12,96.71,158356,158356,36526000000,41343000000,96.37,97.26,93.3523,0.762283,-0.065714286,0.078304762,1.931695238,9.7
31/01/2013,60956,385,39600,42266,93.173036,99.061067,99.557707,99.614385,96.992251,98.212608,99.06348,98.513504,4.8326,2.17,8.48E+12,3.97E+12,8.48E+12,98.6,99.81,102.81,97.37,97.33,99.98,100.76,104.5,98.62,98.06,1351000,1665700,91.835,-19.2,-18.6,51.9,28.4,40,-39.2,-57.2,87.1,7.70E+11,1.58E+12,2.00E+12,97.33,137190,137190,36268000000,41118000000,96.58,97.66,94.06831,0.752659,-0.006521739,0.015652174,2.154347826,9.766666667
28/02/2013,60839,377,43600,41275,93.451091,99.719574,99.961639,100.409674,97.409318,98.330502,98.751549,99.080923,5.0181,2.24,8.56E+12,3.96E+12,8.56E+12,98.88,99.85,102.83,97.77,97.75,100.52,101.42,105,99.58,98.55,1290000,1791700,93.584,-18.9,-16.9,55.5,24,38.7,-38,-56.4,87.4,7.59E+11,1.57E+12,2.00E+12,96.27,145224,145224,35866000000,41195000000,96.85,98.02,94.45285,0.748661,0.0105,0.019,2.221,9.833333333
31/03/2013,60721,394,43600,45958,92.883536,98.792024,99.910259,99.749859,96.700295,98.203471,98.527315,98.511147,5.1183,2.07,8.55E+12,4.00E+12,8.55E+12,99.63,100.34,102.82,97.81,97.79,100.57,101.72,105.1,99.98,98.78,1337000,1727300,92.699,-19.9,-18.9,53.4,27.7,36.3,-40.9,-57.6,86.6,7.70E+11,1.59E+12,2.02E+12,96.42,142228,142228,36120000000,40347000000,96.56,97.9,93.64655,0.771422,0.01047619,0.019047619,2.050952381,9.9
30/04/2013,61391,389,32000,34444,92.947749,99.013292,99.792138,99.922312,96.768355,98.069073,98.580692,98.607165,4.9748,1.8,8.69E+12,3.99E+12,8.69E+12,99.48,100.66,102.37,97.65,97.99,100.28,101.49,103.7,101.39,100.35,1245000,1787900,94.492,-19.8,-18.5,48.2,21.3,30.5,-41,-60.4,83.8,7.95E+11,1.62E+12,2.06E+12,96.32,140518,140518,37983000000,41727000000,96.53,97.96,93.70074,0.767735,0.010909091,0.011818182,1.788181818,9.966666667
31/05/2013,61547,416,28800,31832,92.987409,99.114613,99.808364,100.273094,96.854068,98.026103,98.526275,98.890806,5.0613,1.87,8.60E+12,3.99E+12,8.60E+12,99.54,101.33,102.38,97.22,98.07,100.95,100.59,102.5,101.28,100.36,1424000,1718700,93.8,-22.3,-23.1,49.7,22.3,29.9,-44.1,-63.9,83.8,7.97E+11,1.61E+12,2.05E+12,95.45,143384,143384,36314000000,41313000000,96.54,97.99,93.7423,0.770342,0.01,0.010434783,1.859565217,10.03333333
30/06/2013,61759,384,35000,35376,93.794187,100.130283,99.986469,100.866133,97.859251,98.330776,98.617553,99.564523,5.0458,2.21,8.41E+12,4.00E+12,8.41E+12,99.7,101.8,102.38,97.25,98.04,100.48,100.72,102.2,99.78,99.61,1378000,1697000,95.808,-21.8,-21.4,51.7,23.9,34.7,-44.8,-65.1,85.9,8.07E+11,1.62E+12,2.04E+12,96.44,148774,148774,36026000000,40388000000,97.4,98.38,94.63223,0.758286,0.0175,0.032,2.178,10.1
31/07/2013,62212,403,37700,35862,93.782834,100.187075,100.112635,101.026732,97.592518,98.444941,98.651686,99.581345,4.9401,2.25,8.38E+12,4.02E+12,8.38E+12,99.4,101.03,102.41,97.42,97.62,100.56,102.03,103,98.9,98.61,1343000,1838700,95.211,-19.4,-21.2,42.1,21.4,37.8,-37,-59,87.3,8.17E+11,1.63E+12,2.05E+12,97.91,150817,150817,36215000000,40932000000,96.93,97.96,94.691,0.764609,0.012173913,0.032608696,2.217391304,10.03333333
31/08/2013,62149,399,25400,27557,94.418587,100.868866,100.071062,101.43858,98.657997,98.76905,99.031153,100.369557,4.9743,2.36,8.36E+12,4.04E+12,8.36E+12,99.86,100.51,101.95,98.07,98.01,100.04,102.18,103,98.92,98.4,1161000,1674900,96.235,-16.2,-18.8,39.6,18.7,39.1,-28.1,-52.3,88.9,8.10E+11,1.63E+12,2.05E+12,96.47,146546,146546,36224000000,40533000000,97.87,98.56,95.16308,0.751355,0.022727273,0.052727273,2.307272727,9.966666667
30/09/2013,62636,388,33500,36549,94.354468,100.73082,99.822909,101.447658,97.98812,97.909362,98.396612,99.778131,4.846,2.49,8.23E+12,3.97E+12,8.23E+12,99.63,100.01,101.93,98.25,98,99.45,101.11,103.3,98.92,98.53,1373000,1695800,97.898,-15.1,-19.1,34.4,22.3,42.2,-24.8,-48.2,91.3,8.15E+11,1.62E+12,2.03E+12,97.5,149441,149441,36062000000,41647000000,97.48,98.14,94.85382,0.749265,0.040952381,0.074285714,2.415714286,9.9
31/10/2013,62600,395,39000,37883,94.728008,101.246736,99.868338,101.867525,98.316395,97.946751,98.431646,100.116819,4.8231,2.39,8.29E+12,3.92E+12,8.29E+12,99.5,99.89,102.2,98.48,97.67,99.38,100.68,103.1,98.97,99.18,1287000,1748100,98.656,-15.4,-21.9,30,22.3,38.4,-24,-47,93.1,8.11E+11,1.61E+12,2.01E+12,97.2,150927,150927,36625000000,40802000000,97.78,98.43,95.02017,0.733446,0.042608696,0.057826087,2.332173913,9.866666667
30/11/2013,62498,385,29400,30664,94.573463,101.161817,99.859751,101.856117,98.1995,97.958768,98.45656,100.124893,4.8177,2.27,8.26E+12,3.91E+12,8.26E+12,99.46,99.96,102.06,98.5,97.66,99.78,100.02,103.8,100.86,100.17,1308000,1606700,99.626,-18.7,-22.1,46.1,10.3,39.4,-36.1,-57.6,92.5,8.10E+11,1.61E+12,2.02E+12,99.01,147651,147651,35785000000,41409000000,97.62,98.26,94.99381,0.741147,0.04,0.061904762,2.208095238,9.833333333
31/12/2013,62532,457,35100,33219,95.261022,102.013974,99.904369,102.692331,99.166854,98.05398,98.504421,101.077749,4.7599,2.33,7.88E+12,3.95E+12,7.88E+12,99.8,100.1,102.04,98.67,97.93,99.96,101.15,104,99.38,99.25,1188000,1620400,97.739,-16.8,-22.6,36.8,11,39.2,-28.6,-52.1,92.9,8.28E+11,1.65E+12,2.01E+12,97.64,160216,160216,36576000000,41253000000,98.43,98.83,95.63259,0.729759,0.101818182,0.132272727,2.197727273,9.8
31/01/2014,62636,389,29600,29833,95.055244,102.018406,99.739575,102.723745,99.020535,98.227664,98.989741,101.071572,4.8648,2.38,8.04E+12,3.95E+12,8.04E+12,99.24,99.92,101.71,99.62,98.21,99.57,101.4,103.5,97.98,98.3,1461000,1629400,97.911,-16,-23.3,36.4,16.1,35.3,-24.6,-50.8,93.6,8.05E+11,1.61E+12,2.01E+12,96.3,139246,139246,36377000000,42318000000,97.97,98.49,95.38464,0.734749,0.102608696,0.125217391,2.254782609,9.8
28/02/2014,63223,394,29200,28346,95.255486,102.255601,99.73851,102.649438,99.522832,98.419638,99.158421,101.257024,4.75,2.25,8.03E+12,3.92E+12,8.03E+12,99.79,99.75,101.67,99.89,98.68,100.15,101.74,103.3,99.34,99.94,1240000,1732800,98.878,-16.1,-21.6,40.1,13.8,31,-28.2,-53.5,93.1,8.04E+11,1.61E+12,2.02E+12,97.7,144011,144011,36999000000,40155000000,98.34,98.76,95.46719,0.732177,0.1095,0.1335,2.1165,9.8
31/03/2014,63208,377,39200,38924,95.484942,102.952082,99.857311,103.034185,100.088621,98.35214,98.837487,101.471955,4.7597,2.15,7.96E+12,3.94E+12,7.96E+12,100.24,99.93,101.54,99.75,98.82,100.16,101.1,103.1,98.77,99.42,1393000,1662700,97.687,-15.4,-20.9,36.1,14.2,27.1,-25.2,-47.5,93.7,8.13E+11,1.62E+12,2.02E+12,96.24,149025,149025,36095000000,41082000000,99.07,99.13,95.77968,0.723474,0.15952381,0.181428571,1.968571429,9.8
30/04/2014,63322,409,26100,26614,95.051264,102.646856,99.777968,102.772886,99.474988,98.057819,98.66027,100.837034,4.7306,2.03,8.06E+12,3.95E+12,8.06E+12,100.2,99.76,101.46,99.74,98.96,99.83,102.03,102.4,98.96,99.56,1444000,1726100,97.099,-16.3,-22.1,36.3,9.3,23.1,-22.6,-49.2,94,8.13E+11,1.63E+12,2.02E+12,97.7,153220,153220,35876000000,40497000000,98.72,98.78,95.42194,0.723989,0.177272727,0.187272727,1.842727273,9.8
31/05/2014,63063,360,28800,28617,94.651272,102.111645,99.596676,102.362993,98.95762,98.042638,98.851661,100.475536,4.8073,1.84,8.09E+12,3.91E+12,8.09E+12,100.22,100.13,101.31,99.39,98.93,100.55,101.54,101.9,97.1,96.6,1366000,1572600,96.477,-16.6,-21.2,34.9,11.3,26.3,-26.6,-47.3,93.4,8.15E+11,1.63E+12,2.03E+12,98.07,149315,149315,36278000000,40871000000,98.36,98.56,95.1734,0.728267,0.141363636,0.147272727,1.692727273,9.8
30/06/2014,63164,410,35200,33680,94.115155,101.582437,99.40292,101.983237,98.200313,97.66477,98.652499,99.927437,4.7912,1.71,8.00E+12,3.93E+12,8.00E+12,100.18,99.9,101.3,99.31,98.92,99.9,101.92,102,99.01,99.01,1401000,1719800,96.666,-17.3,-21.9,38.7,10.3,24.7,-30.2,-51.4,91.3,8.41E+11,1.65E+12,2.03E+12,97.44,150967,150967,36088000000,41816000000,97.81,98.11,94.93104,0.735712,0.032857143,0.03952381,1.67047619,9.8
31/07/2014,63167,424,39400,39588,93.790952,101.323442,99.290222,101.770567,97.731199,97.683239,98.841145,99.689301,4.9027,1.56,8.10E+12,3.93E+12,8.10E+12,99.86,99.3,101.26,99.32,98.58,100.2,103.05,101.7,100.12,100.11,1441000,1824400,96.702,-16.2,-20.6,44.3,8.9,23.8,-28.6,-50.9,92.5,8.44E+11,1.65E+12,2.05E+12,96.16,146776,146776,36390000000,42211000000,97.22,97.65,94.70953,0.738628,-0.003913043,0.01,1.55,9.866666667
31/08/2014,63169,385,24400,30237,93.498572,101.007226,99.412249,101.580206,97.865008,98.146558,99.174181,99.911322,4.9803,1.41,8.16E+12,3.92E+12,8.16E+12,100.3,98.69,100.9,99.2,99.02,100.3,102.82,101.3,98.47,98.21,1055000,1660800,96.925,-16.1,-19.8,42.4,7.4,18.5,-29.6,-50.5,92,8.43E+11,1.66E+12,2.06E+12,97.47,148130,148130,35741000000,41307000000,97.24,97.85,94.28381,0.751,-0.012380952,-0.001428571,1.411428571,9.933333333
30/09/2014,63345,407,34200,33396,92.701265,100.205107,99.290721,101.016457,96.453082,97.313964,98.388967,98.670784,5.1927,1.35,8.13E+12,3.91E+12,8.13E+12,99.92,99.19,100.84,99.18,98.87,99.45,101.55,101.9,99.1,99.17,1366000,1767400,97.057,-16.9,-17.9,44.3,9.8,12.3,-33.6,-57.4,92.1,8.43E+11,1.65E+12,2.04E+12,96.63,149005,149005,37057000000,41667000000,95.97,96.98,93.60313,0.775198,-0.048636364,-0.042272727,1.392272727,10
31/10/2014,63226,373,34700,34384,92.413384,100.051574,99.241015,100.733583,96.286994,97.364207,98.547428,98.465493,5.236,1.26,8.11E+12,3.87E+12,8.11E+12,99.95,99.58,101.15,99.74,98.76,99.25,101.32,102,97.57,97.92,1480000,1762100,96.145,-17.1,-20.3,38.9,10.6,18,-32.8,-56.8,94.1,8.48E+11,1.65E+12,2.06E+12,97.42,150714,150714,37120000000,41162000000,95.63,96.83,93.18197,0.789121,-0.056086957,-0.042173913,1.302173913,10.03333333
30/11/2014,63266,386,24900,24863,92.473237,100.334927,99.297241,100.833099,96.543224,97.458732,98.571544,98.637083,5.2617,1.14,8.27E+12,3.89E+12,8.27E+12,99.78,99.55,100.98,100.13,98.78,99.24,100.01,102,96.79,96.79,1384000,1513000,95.772,-15.9,-20.8,41.5,11.4,19.3,-28.1,-49.8,94.9,8.60E+11,1.67E+12,2.08E+12,98.16,148907,148907,36831000000,40887000000,95.5,96.88,93.19581,0.801792,-0.0415,-0.025,1.165,10.06666667
31/12/2014,62398,326,34600,32593,92.608868,101.141693,99.328669,101.009365,97.412905,97.650002,98.738843,99.03455,5.4199,0.92,8.18E+12,3.96E+12,8.18E+12,99.86,99.48,101.01,99.83,99.21,99.38,99.79,101,99.5,99.45,1113000,1728300,95.77,-14.2,-17.1,44.5,14.6,14.5,-27.8,-49.9,93.4,8.89E+11,1.71E+12,2.09E+12,98.14,147633,147633,37304000000,41009000000,95.86,97.12,93.47997,0.811005,-0.04173913,-0.03,0.95,10.1
31/01/2015,62697,393,28500,30652,90.504624,99.058427,99.058412,99.089597,95.117267,97.65535,99.227087,97.085563,5.8052,0.67,8.54E+12,3.97E+12,8.54E+12,98.86,99.54,100.9,100.11,99.36,98.65,98.47,100,99.52,99.01,1306000,1642200,96.941,-13.4,-18.2,40.1,9.5,9.7,-21.8,-45.5,93.6,8.83E+11,1.70E+12,2.10E+12,99.27,156134,156134,37302000000,40432000000,93.6,95.46,91.72528,0.860865,-0.128363636,-0.109136364,0.779136364,10.06666667
28/02/2015,62598,428,26700,25949,89.908455,98.158208,98.516013,98.264355,94.385499,97.211888,99.197513,96.496045,5.8457,0.6,8.58E+12,3.94E+12,8.58E+12,99.52,99.74,100.81,100.44,99.55,99.47,99.69,101,100.12,99.37,1283000,1782500,95.869,-11.7,-17.1,37.9,6.5,7,-18,-39.3,95.9,8.79E+11,1.67E+12,2.07E+12,100.42,151933,151933,37886000000,40422000000,92.92,95.01,91.37738,0.881106,-0.11475,-0.1097,0.7097,10.03333333
31/03/2015,63728,420,35000,34051,88.385056,96.391623,98.098238,97.041497,92.671738,96.608468,98.818689,95.202847,6.1072,0.51,8.54E+12,3.92E+12,8.54E+12,100.17,99.97,100.41,100.25,99.73,99.48,100.29,101.1,99.83,99.78,1435000,1691200,97.164,-11.6,-18,26.5,8.7,4.4,-16.3,-37,95.5,8.98E+11,1.69E+12,2.08E+12,95.87,155181,155181,37384000000,42526000000,91.83,94.27,89.96685,0.923022,-0.167227273,-0.155818182,0.665818182,10
30/04/2015,63783,410,30700,28218,88.03551,95.513432,97.991894,96.748228,91.63289,96.2159,98.47005,94.671392,5.8583,0.44,8.55E+12,3.94E+12,8.55E+12,100.28,99.98,100.43,100.3,100.07,99.92,100.86,100.8,99.15,99.42,1313000,1720300,97.515,-10.7,-16.4,34.2,7.8,3.4,-16.1,-34.9,95.6,9.11E+11,1.71E+12,2.13E+12,97.89,154498,154498,38144000000,41293000000,91.22,93.8,89.68348,0.927893,-0.201045455,-0.181681818,0.621681818,10.06666667
31/05/2015,62461,313,26400,25932,88.871558,96.626359,98.057337,97.630189,92.688338,96.225906,98.39518,95.472124,5.9825,0.89,8.48E+12,3.93E+12,8.48E+12,100.52,100.48,100.31,100.06,100.2,100.58,101.2,100.4,100.46,100.89,1445000,1541000,98.629,-11.9,-18.1,35,2.2,1.9,-17.5,-34.8,96.3,9.19E+11,1.71E+12,2.11E+12,97.89,148111,148111,38351000000,42799000000,92.23,94.37,90.50391,0.897068,-0.199428571,-0.185619048,1.075619048,10.13333333
30/06/2015,63339,386,39500,36358,89.285553,97.39587,98.11272,98.148773,93.251956,96.252983,98.362223,95.892766,5.8823,1.2,8.18E+12,3.96E+12,8.18E+12,100.44,100.2,100.02,99.99,100.07,100.32,101.27,100.5,99.99,100.04,1379000,1773300,98.628,-11.2,-16.6,34.7,4.7,3.5,-16.7,-33.5,96.7,9.44E+11,1.73E+12,2.10E+12,97.98,158827,158827,39705000000,42000000000,92.57,94.48,90.95445,0.89187,-0.209954545,-0.187590909,1.387590909,10.2
31/07/2015,63061,359,38600,34485,88.685636,96.965432,97.874656,97.678487,92.436969,95.925066,98.298197,95.261829,5.938,1.11,8.40E+12,4.00E+12,8.40E+12,100.03,99.61,99.76,99.67,99.9,100.66,102.46,100.3,99.08,98.67,1207000,1809700,97.923,-12.5,-18,36.2,3.3,6.8,-20,-37.2,97.3,9.56E+11,1.75E+12,2.14E+12,98.01,160164,160164,38145000000,41672000000,91.72,93.84,90.54766,0.909492,-0.22723913,-0.199417391,1.309417391,10.16666667
31/08/2015,62814,359,28800,29359,89.847099,98.632307,98.059012,98.460926,94.408683,96.494437,98.70861,96.430922,5.8542,1.01,8.34E+12,3.97E+12,8.34E+12,100.35,99.48,99.44,99.77,100.26,100.67,101.01,99.2,100.18,100.3,1037000,1675300,98.019,-11.1,-17.2,32.9,-4.3,6.7,-17.3,-36.2,98.7,9.52E+11,1.75E+12,2.14E+12,99.47,159081,159081,37195000000,40586000000,93.15,94.72,91.35102,0.897978,-0.223857143,-0.2056,1.2156,10.13333333
30/09/2015,62916,378,38300,38816,90.482156,99.494406,98.347929,99.014844,94.81374,96.283773,98.172833,96.476754,5.8763,1,8.18E+12,3.96E+12,8.18E+12,99.95,100.06,99.49,99.88,100.15,100.07,98.72,99.2,101.05,101.17,1250000,1792400,97.946,-9.7,-15.2,28.6,3.6,1.8,-16.4,-31.7,99.2,9.53E+11,1.75E+12,2.11E+12,99.41,161286,161286,37639000000,41507000000,93.48,94.75,92.14981,0.891207,-0.219727273,-0.200590909,1.200590909,10.1
31/10/2015,62063,340,37700,36338,90.034443,99.144621,98.378304,98.885548,94.406073,96.28209,98.138944,96.303449,5.9415,0.87,8.36E+12,3.97E+12,8.36E+12,100.01,100.6,99.56,100,100.05,99.87,99.08,99.4,101.55,100.62,1170000,1664100,98.155,-9.8,-15.4,36.2,4.7,7.2,-15.4,-34,101.9,9.69E+11,1.76E+12,2.15E+12,98.8,160058,160058,37965000000,42107000000,93.23,94.61,91.92679,0.890221,-0.220636364,-0.217318182,1.087318182,10.03333333
30/11/2015,62232,392,34400,32455,88.51031,97.38065,97.914654,97.511539,92.712563,96.02251,98.457754,95.060933,6.2123,0.88,8.42E+12,3.99E+12,8.42E+12,99.82,100.34,99.32,99.89,100.22,100.01,98.27,99.5,99.49,99.81,1180000,1497800,97.285,-8.6,-14.7,23.1,3,8.2,-10.9,-29.2,100.6,9.66E+11,1.76E+12,2.14E+12,97.11,157563,157563,37755000000,41558000000,91.82,93.74,90.67318,0.931577,-0.25147619,-0.291333333,1.171333333,9.966666667
31/12/2015,63011,368,40400,38012,89.52359,98.586096,98.282867,98.154476,94.083088,96.629871,98.703532,95.983468,6.0393,0.93,8.15E+12,4.08E+12,8.15E+12,100.04,100,99.56,99.65,100.44,100.31,98.7,98.4,99.57,100.91,978000,1717000,98.461,-9.3,-16.6,31.2,4.8,9.3,-15.8,-34.1,100.4,9.92E+11,1.79E+12,2.14E+12,99.98,160576,160576,38079000000,41838000000,92.88,94.49,91.22617,0.919451,-0.431652174,-0.362956522,1.292956522,9.9
31/01/2016,62260,389,30200,33177,89.706144,99.597821,98.891716,98.675048,94.744635,97.447175,99.138326,96.289161,6.0625,0.84,8.37E+12,4.06E+12,8.37E+12,99.08,99.86,99.31,99.78,100.75,100.18,97.55,97.3,101.7,102.34,1332000,1564800,100.287,-8.2,-15.1,20.7,0.5,8.4,-13.1,-32.6,102.3,9.85E+11,1.78E+12,2.16E+12,99.3,167178,167178,38480000000,41300000000,92.96,94.43,91.76748,0.92086,-0.420285714,-0.386428571,1.226428571,9.9
29/02/2016,61872,318,33600,36320,90.534946,100.398687,99.259723,99.236603,95.467553,97.832961,99.115558,96.931038,6.0383,0.59,8.42E+12,4.02E+12,8.42E+12,99.33,99.82,99.32,99.64,100.79,100.47,97.34,96.9,100.6,100.79,1317000,1676800,97.729,-10.7,-15.8,30.7,-2,5.6,-19.8,-35.6,102.1,9.84E+11,1.78E+12,2.17E+12,98.4,170293,170293,37265000000,41412000000,93.49,95.02,92.35647,0.9016,-0.366333333,-0.376761905,0.966761905,9.9
31/03/2016,61069,337,36300,33793,90.070027,99.680998,99.231885,98.855552,94.84305,97.550963,98.647781,96.512516,5.7557,0.51,8.29E+12,4.09E+12,8.29E+12,100.02,100.35,99.24,99.62,100.9,100.63,97.72,97.1,100.06,99.54,1128000,1713700,99.204,-12.2,-16.8,25.5,-3.2,3.8,-21.5,-39.8,100.3,9.95E+11,1.80E+12,2.19E+12,98.78,164280,164280,36214000000,40580000000,93.35,94.93,91.81082,0.901115,-0.426956522,-0.426,0.936,9.9
30/04/2016,60432,330,35200,32386,90.261971,100.088682,99.423074,99.247991,95.110216,97.645924,98.538562,96.743384,5.7271,0.51,8.52E+12,4.14E+12,8.52E+12,100.09,100.32,99.07,99.38,101.21,101.07,98.04,96.5,101.17,100.82,966000,1658300,98.956,-12,-16.5,31,-5.7,3.6,-21.2,-36.9,99.7,1.01E+12,1.81E+12,2.22E+12,99.87,167184,167184,37268000000,41084000000,93.6,95.07,91.92517,0.881915,-0.477714286,-0.464095238,0.974095238,9.833333333
31/05/2016,61907,339,35600,33495,90.306631,100.196102,99.278004,99.325125,95.408397,97.593901,98.569591,96.937181,5.8912,0.51,8.61E+12,4.15E+12,8.61E+12,100.5,101.48,98.94,99.7,101.08,101.74,98.6,97,99.9,100.05,1173000,1656500,97.885,-9.2,-15.9,12.2,-3.2,6.1,-13.2,-30,100.8,1.01E+12,1.81E+12,2.22E+12,99.17,160920,160920,37869000000,39776000000,93.91,95.13,91.92639,0.884204,-0.501,-0.503772727,1.013772727,9.766666667
30/06/2016,61052,341,41200,37750,90.089614,99.928698,99.513886,99.034462,95.087338,97.832563,98.586982,96.637308,5.9045,0.39,8.52E+12,4.18E+12,8.52E+12,100.63,100.74,98.87,99.92,101.06,101.69,99.91,97.4,99.16,98.95,1308000,1575300,97.499,-10.8,-14.6,12.5,-1.8,6.8,-19.3,-36.4,98.7,1.03E+12,1.82E+12,2.21E+12,100.04,159706,159706,36576000000,39820000000,93.7,94.93,91.56122,0.890646,-0.535909091,-0.507681818,0.897681818,9.7
31/07/2016,60178,388,43100,35809,89.9151,99.84878,100.37106,99.145928,94.633087,98.559317,98.519658,96.573492,5.867,0.17,8.58E+12,4.12E+12,8.58E+12,100.25,100.87,98.89,99.8,100.95,101.6,100.71,97.5,99.47,99.68,1131000,1676500,97.876,-10.8,-16.6,17.5,-1.5,8.9,-17.8,-33.9,97.9,1.05E+12,1.85E+12,2.25E+12,96.33,155836,155836,37419000000,41368000000,93.15,94.59,91.17419,0.903484,-0.624714286,-0.569142857,0.739142857,9.7
31/08/2016,60096,339,34000,39155,90.133861,100.175859,100.515364,99.386689,95.262706,98.985095,98.802822,97.094147,5.891,0.15,8.61E+12,4.18E+12,8.61E+12,100.58,101.04,98.44,99.71,101.22,101.98,99.71,97.4,101.3,101.65,983000,1696800,98.323,-11,-14.5,22.1,0.7,9.2,-21,-34.9,99.8,1.04E+12,1.84E+12,2.25E+12,98.59,160738,160738,37429000000,42601000000,93.66,95.06,91.39483,0.891965,-0.611782609,-0.58726087,0.73726087,9.7
30/09/2016,59459,328,48600,51010,90.223592,100.279199,100.49757,99.475649,94.906403,98.429984,98.234441,96.664112,5.835,0.18,8.44E+12,4.11E+12,8.44E+12,100.34,100.47,98.49,99.91,101.11,101.38,98.83,97.7,99.98,100.27,1281000,1733000,98.222,-9.7,-14.5,19.3,-2.8,12.4,-16,-32.8,100.1,1.03E+12,1.83E+12,2.22E+12,97.88,167119,167119,37227000000,41390000000,93.45,94.86,91.36385,0.891907,-0.617545455,-0.612181818,0.792181818,9.7
31/10/2016,59277,333,41200,41517,90.030156,100.169669,101.178989,99.627117,94.566058,98.888434,98.026541,96.56366,5.9826,0.33,8.61E+12,4.16E+12,8.61E+12,100.37,100.4,98.61,100.09,100.97,100.72,99.49,98.4,99.81,99.34,1337000,1662100,98.041,-9.7,-15,26.4,-5.3,10.8,-15.4,-34.6,99.8,1.03E+12,1.83E+12,2.24E+12,99.81,163804,163804,36653000000,41613000000,93.14,94.72,91.26273,0.907036,-0.687,-0.690666667,1.020666667,9.7
30/11/2016,59000,345,38600,39459,89.699054,99.945298,100.895504,99.356651,94.491362,98.932634,98.498183,96.525,6.1796,0.67,8.69E+12,4.20E+12,8.69E+12,100.35,100.57,98.41,100.33,101.16,100.49,99.31,99,102.41,102.54,1314000,1559800,100.681,-8.1,-15.6,18.6,-2.2,10.2,-9.3,-27.7,101.5,1.05E+12,1.85E+12,2.26E+12,97.97,170956,170956,38331000000,43113000000,93.02,94.59,90.68944,0.926326,-0.693227273,-0.724,1.394,9.7
31/12/2016,58041,323,45500,45370,89.175887,99.297547,100.515801,99.062431,93.890427,98.365154,98.271827,96.186782,6.2162,0.75,8.33E+12,4.23E+12,8.33E+12,100.65,100.73,98.37,100.73,101.35,100.12,100.45,99.8,100.81,100.96,1143000,1654200,101.351,-7.7,-14.7,16.1,-7,13.9,-9.2,-28.4,103.9,1.08E+12,1.88E+12,2.27E+12,98.95,174861,174861,40866000000,43590000000,92.54,94.19,90.22742,0.948636,-1.044545455,-0.873045455,1.623045455,9.7
31/01/2017,57886,337,33400,38276,89.331507,99.539818,100.663194,99.463285,94.090371,98.986465,98.912933,96.634436,6.0677,0.86,8.56E+12,4.24E+12,8.56E+12,100.41,101.23,98.44,101.56,101.63,100.31,101.66,100.7,101.18,100.18,1332000,1736900,101.858,-8.2,-14.9,10.1,-3.1,18.2,-10.6,-27.7,102.5,1.07E+12,1.87E+12,2.29E+12,99.53,170474,170474,37195000000,44681000000,92.47,94.25,90.00128,0.942206,-0.643636364,-0.629818182,1.489818182,9.566666667
28/02/2017,57322,344,34200,36798,88.808761,99.104466,100.48264,99.095933,93.515501,98.370335,98.443023,95.966138,6.1722,1.03,8.67E+12,4.29E+12,8.67E+12,100.53,101.51,98.46,101.58,101.83,100.44,102.04,100.5,100.32,101.06,1239000,1704300,103.642,-8.8,-15.5,15.6,0.1,16.9,-13,-27.7,103.6,1.08E+12,1.89E+12,2.30E+12,99.5,167902,167902,38184000000,43659000000,91.94,93.77,89.64535,0.939664,-0.60905,-0.6485,1.6785,9.433333333
31/03/2017,57204,325,46300,41449,89.016636,99.421163,100.698202,99.380606,94.073335,98.720915,98.492174,96.476201,6.0681,1.02,8.63E+12,4.38E+12,8.63E+12,101.17,101.17,98.39,101.74,102.14,100.73,101.5,100,101.45,102.71,1332000,1708100,103.912,-8.9,-14.2,13,1.8,17.2,-13.7,-28.1,103,1.10E+12,1.91E+12,2.34E+12,100.09,168241,168241,39296000000,44026000000,92.61,94.33,89.61269,0.936016,-0.815347826,-0.694695652,1.714695652,9.3
30/04/2017,56443,328,34500,34747,88.732108,99.199615,100.39866,99.11439,93.499705,97.938796,97.939513,95.797174,6.0237,0.88,8.76E+12,4.38E+12,8.76E+12,101.26,101.09,98.25,101.68,102.16,101.11,102.39,99.7,101.45,101.88,1264000,1623700,104.802,-8,-13.4,9.1,1.4,15.1,-12.1,-27.5,104.3,1.15E+12,1.96E+12,2.36E+12,99.64,171999,171999,38153000000,43299000000,92.21,93.87,89.69269,0.932703,-0.54215,-0.55355,1.43355,9.233333333
31/05/2017,56430,352,39500,40039,89.721887,100.587377,100.504711,100.197259,94.812757,98.115026,98.103367,96.87352,5.832,0.81,8.74E+12,4.39E+12,8.74E+12,101.31,101.89,98.57,101.31,102.41,101.73,101.2,99.1,103.62,104.13,1425000,1668600,105.513,-6.9,-12,9.5,4.3,11.7,-9.5,-28.4,105.5,1.15E+12,1.95E+12,2.36E+12,100.15,173668,173668,40881000000,44663000000,93.26,94.67,90.47357,0.904505,-0.578565217,-0.583956522,1.393956522,9.166666667
30/06/2017,55770,323,46200,44732,90.393268,101.202954,100.844887,100.63731,95.266684,98.34974,97.96966,97.234364,5.7506,0.66,8.53E+12,4.39E+12,8.53E+12,101.32,101.57,98.86,101.2,102.31,101.85,101.17,98.8,102.11,102.81,1325000,1745800,103.195,-1.8,-9.2,0.6,4.5,10.1,6.7,-16.3,107.4,1.17E+12,1.98E+12,2.37E+12,98.9,165651,165651,38956000000,43346000000,93.65,95,90.74581,0.890555,-0.647454545,-0.600590909,1.260590909,9.1
31/07/2017,55540,330,49300,47855,91.078134,102.194851,100.935595,101.398137,95.808009,98.220134,97.79032,97.72683,5.5624,0.84,8.66E+12,4.46E+12,8.66E+12,100.97,101.62,98.95,100.8,102.08,102.22,102.45,98.9,102.87,103.54,1362000,1727600,105.013,-3.6,-9.9,5.5,6.7,9.5,3.8,-15.8,107.4,1.19E+12,1.99E+12,2.40E+12,100.46,171073,171073,39445000000,45196000000,94.02,95.09,91.47995,0.868839,-0.597952381,-0.592666667,1.432666667,9.166666667
31/08/2017,55575,340,36000,45425,91.867298,103.137035,101.319836,102.253489,97.048891,98.912886,98.099683,98.878012,5.5181,0.71,8.69E+12,4.47E+12,8.69E+12,101.49,101.68,98.55,101.09,102.29,102.47,102.73,99.4,102.92,103.49,1135000,1711700,104.127,-5.5,-11,4,8.4,7.8,-3,-16.1,108.7,1.18E+12,2.01E+12,2.42E+12,99.48,178429,178429,39442000000,44234000000,95.02,96.04,92.03518,0.84701,-0.618565217,-0.626782609,1.336782609,9.233333333
30/09/2017,54922,303,49400,49330,91.82585,103.072808,101.087984,102.348218,96.584102,98.222593,97.640833,98.44989,5.5474,0.7,8.56E+12,4.44E+12,8.56E+12,101.33,101.6,98.72,101.24,102.18,101.8,101.56,99.8,103.86,104.18,1322000,1847000,103.23,-6.7,-13.3,11.3,2.6,8.7,-3.2,-14.5,109.8,1.18E+12,2.00E+12,2.40E+12,103.07,178006,178006,40697000000,44506000000,94.71,95.84,92.082,0.839346,-0.674809524,-0.612619048,1.312619048,9.3
31/10/2017,54728,325,43000,47129,91.772922,102.964017,101.031107,102.374,96.430264,98.215824,97.73664,98.467016,5.6294,0.81,8.79E+12,4.52E+12,8.79E+12,101.43,102.07,98.91,101.57,101.98,101.27,102.05,100,104.38,105.6,1356000,1622400,105.55,-6.9,-12.9,15.2,-3.9,12.3,-2.3,-12.9,108.6,1.18E+12,2.00E+12,2.41E+12,98.18,178382,178382,39911000000,44857000000,94.57,95.78,91.67734,0.850666,-0.615,-0.657136364,1.467136364,9.066666667
30/11/2017,54366,281,34100,40604,91.780027,103.123512,101.03228,102.595063,96.682918,98.462439,98.136067,98.804886,5.5026,0.72,8.78E+12,4.54E+12,8.78E+12,101.53,102.16,98.83,101.88,102.24,100.77,102.15,101.7,104.8,105.42,1199000,1676100,105.699,-4.4,-11.8,4.1,2.3,15,3.4,-8.8,110,1.19E+12,2.01E+12,2.42E+12,100.74,179396,179396,39912000000,45648000000,94.68,95.92,91.81146,0.852009,-0.6225,-0.699181818,1.419181818,8.833333333
31/12/2017,54493,318,44100,42209,91.873862,103.348305,100.970483,102.797812,97.024607,98.432721,98.129472,99.102007,5.4623,0.67,8.45E+12,4.54E+12,8.45E+12,101.85,102.18,98.89,102.14,102.55,100.67,103.27,102,105.34,105.81,1213000,1692100,106.335,-3.9,-10.7,8,1.4,13.9,3.8,-6,112.8,1.22E+12,2.05E+12,2.44E+12,99.04,186694,186694,42467000000,45048000000,94.89,96.14,91.92594,0.844888,-1.020190476,-0.80747619,1.47747619,8.6
31/01/2018,54017,300,34200,37059,92.752209,103.82159,100.89836,103.297511,97.806376,99.105457,99.035726,99.961857,5.2665,0.86,8.76E+12,4.70E+12,8.76E+12,101.75,102.51,98.71,103.26,102.62,101.18,104.24,102,102.24,103.64,1371000,1590000,104.857,-4.7,-9.8,1.2,2.2,18.8,0.1,-6.7,111.4,1.20E+12,2.04E+12,2.44E+12,98.42,175010,175010,40042000000,46099000000,95.23,96.64,92.14802,0.819851,-0.59626087,-0.597304348,1.457304348,8.7
28/02/2018,53741,308,36900,42412,92.722078,104.070238,100.94276,103.488911,97.624608,98.766569,98.623628,99.778515,5.3781,0.98,8.76E+12,4.69E+12,8.76E+12,101.72,102.36,98.63,103.49,102.78,101,104.67,102,103.81,102.88,1251000,1783900,104.466,-6.8,-13.8,7.1,2.6,23.1,-0.6,-9.5,108.7,1.20E+12,2.04E+12,2.43E+12,99.68,175134,175134,39767000000,44573000000,94.98,96.45,92.09334,0.809896,-0.5926,-0.5872,1.5672,8.8
31/03/2018,53119,339,39600,40944,93.032563,104.176534,101.021397,103.603187,98.401477,99.237108,98.842406,100.433273,5.3236,0.84,8.63E+12,4.65E+12,8.63E+12,102.75,102.76,98.51,103.27,103.23,101.31,104.47,102.2,104.21,104.02,1352000,1758600,102.711,-6.3,-14.5,4.4,0.3,23.8,-0.6,-7.4,107.7,1.21E+12,2.05E+12,2.45E+12,102.1,182497,182497,40573000000,44635000000,95.9,97.14,92.31378,0.810642,-0.708772727,-0.621636364,1.461636364,8.9
30/04/2018,53254,301,34300,33407,92.952006,104.270851,100.898454,103.629728,98.322903,98.889334,98.618813,100.239844,5.4295,0.78,8.78E+12,4.65E+12,8.78E+12,102.92,102.81,98.26,103.31,103.32,101.89,105.89,101.4,102.8,104.1,1400000,1698500,101.247,-7.5,-16.8,2.8,1.8,23,-5.4,-7.6,108.8,1.24E+12,2.08E+12,2.49E+12,98.21,176896,176896,40809000000,46079000000,95.77,96.96,92.38033,0.814625,-0.582761905,-0.57647619,1.35647619,8.866666667
31/05/2018,52721,305,37900,37769,92.273146,103.521533,101.06161,103.122116,97.631925,98.908168,98.398526,99.667723,5.6192,0.78,8.97E+12,4.71E+12,8.97E+12,103.36,103.82,98.29,103.62,103.52,102.68,106.43,102.1,102.43,103.2,1336000,1656800,99.944,-8.1,-14.6,-1.3,6,30.1,-7.8,-9.4,106.5,1.24E+12,2.08E+12,2.49E+12,98.47,183998,183998,39975000000,46313000000,95.2,96.4,91.89202,0.846676,-0.571347826,-0.58273913,1.36273913,8.833333333
30/06/2018,52765,315,39500,40954,92.049302,103.478204,101.115629,102.960002,97.35191,98.884188,98.328695,99.361311,5.6181,0.75,8.78E+12,4.69E+12,8.78E+12,103.37,103.61,98.31,103.34,103.36,102.38,106.69,102.1,103.23,104.01,1267000,1714100,101.316,-9.7,-16.7,6.7,4.3,31.2,-11.1,-13.2,108,1.26E+12,2.10E+12,2.50E+12,99.76,185918,185918,40786000000,46306000000,95.04,96.13,91.37727,0.856336,-0.656714286,-0.610095238,1.360095238,8.8
31/07/2018,53015,303,42700,39929,92.47856,104.235183,101.274778,103.221222,97.773955,98.940712,98.230043,99.49579,5.605809,0.67,8.97E+12,4.78E+12,8.97E+12,103.28,103.72,98.33,103.9,103.13,103.03,108.24,102.7,103.78,104.22,1338000,1789000,101.203,-8.8,-16.5,8.1,5,30,-10.3,-14,107.8,1.28E+12,2.14E+12,2.53E+12,99.2,185084,185084,42020000000,46011000000,95.41,96.01,91.87345,0.855759,-0.566590909,-0.576954545,1.246954545,8.8
31/08/2018,53299,327,33900,36701,92.369747,104.689746,101.420263,103.503314,98.527677,99.448382,98.626056,100.098583,5.637294,0.7,9.01E+12,4.81E+12,9.01E+12,103.78,104.01,98.06,103.82,103.4,103.44,108.39,103.1,103.97,104.54,944000,1712700,102.242,-9.6,-18.8,16.5,11.6,30,-10.3,-18.8,106.1,1.27E+12,2.14E+12,2.54E+12,98.71,249354,249354,40794000000,46726000000,95.85,96.09,92.0827,0.865963,-0.542304348,-0.540565217,1.240565217,8.8
30/09/2018,53487,335,44800,46296,92.768185,105.348281,101.365965,103.972804,98.583986,98.869239,98.07981,99.910334,5.64779,0.77,8.82E+12,4.73E+12,8.82E+12,103.56,104.66,98.2,104.07,103.4,102.71,106.54,103.6,102.57,103.2,1341000,1703600,103.254,-12.6,-19.2,14.9,3.4,36.2,-17.5,-23.9,104.1,1.26E+12,2.10E+12,2.50E+12,98.24,160208,160208,40824000000,46232000000,95.93,95.97,92.27551,0.857763,-0.56965,-0.55635,1.32635,8.8
31/10/2018,54021,405,41600,44037,92.086207,104.44527,101.213479,103.317774,97.532979,98.584482,97.922831,99.095326,5.788165,0.82,9.08E+12,4.85E+12,9.08E+12,103.67,104.46,98.19,104.66,103.4,101.96,107.65,103.9,103.59,104.35,1309000,1824800,102.369,-10.9,-18.3,11.3,3.3,36.9,-15.1,-22.6,102.8,1.26E+12,2.12E+12,2.52E+12,98.54,171158,171158,43273000000,47390000000,95.23,95.56,91.69029,0.870816,-0.605217391,-0.718086957,1.538086957,8.7
30/11/2018,53974,276,32700,37174,91.649331,103.926565,101.164979,102.824074,97.202458,98.768091,98.330444,98.833059,5.792756,0.76,9.10E+12,4.86E+12,9.10E+12,103.45,104.2,98.13,105.2,103.62,101.64,106.22,104.4,102.73,103.35,1351000,1642800,101.054,-13.9,-17.7,18.6,2.8,39.1,-25.4,-34.6,103.5,1.28E+12,2.14E+12,2.52E+12,98.99,173749,173749,41180000000,45806000000,94.84,95.45,90.96115,0.879773,-0.595409091,-0.708636364,1.468636364,8.6
31/12/2018,54043,381,36700,35048,91.777107,104.091554,101.404968,102.985346,97.55866,99.119813,98.465963,99.197966,5.737,0.7,8.81E+12,4.84E+12,8.81E+12,103.47,104.85,97.49,104.85,103.89,101.48,106.37,103.4,102.75,103.77,1126000,1577500,102.086,-17.5,-22.2,23.2,-5.4,38.2,-31.6,-45.5,100.5,1.30E+12,2.16E+12,2.55E+12,98.09,164062,164062,42819000000,46423000000,94.98,95.69,91.05715,0.878423,-1.028857143,-0.80952381,1.50952381,8.5
31/01/2019,54440,309,32500,37311,91.663447,103.723876,101.217902,102.743913,97.238397,99.323746,98.994607,99.035635,5.716009,0.65,9.19E+12,4.95E+12,9.19E+12,103.01,105.44,97.7,104.55,104,102.03,105.14,103.7,104.36,104.94,1238000,1695900,99.433,-13.8,-19.9,19.1,-3.3,25.2,-24.5,-43.4,101.4,1.30E+12,2.17E+12,2.56E+12,98.8,175133,175133,42322000000,46664000000,94.49,95.46,90.81918,0.875952,-0.578608696,-0.577434783,1.227434783,8.466666667
